date,age_years,weight_kg,sleep_hours,sleep_efficiency_pct,sleep_score,resting_hr_bpm,hrv_ms,body_battery_morning,stress_score,soreness_score,steps,calories_burned,activity_type,duration_min,distance_km,avg_hr_bpm,max_hr_bpm,training_rpe,training_load,vo2max_est,respiration_rate_sleep,spo2_avg_pct,hydration_l
2024-01-01,30,97.1,7.19,83.8,98,57,56,87,53,5,7199,2657,Weightlifting,47,0.0,101,153,7,373,44.1,15.1,97.2,2.74
2024-01-02,30,96.9,6.29,75.4,81,55,36,85,53,7,9809,2646,Intermediate Run,38,5.21,151,180,5,239,44.1,15.1,97.3,2.65
2024-01-03,30,96.9,6.11,87.8,81,56,49,55,64,4,8963,2775,Weightlifting,45,0.0,108,143,9,487,44.1,15.7,97.5,2.44
2024-01-04,30,96.7,6.04,76.2,80,59,28,69,59,7,12372,3463,Tempo Run,55,8.14,156,177,8,568,44.1,16.2,97.6,3.36
2024-01-05,30,97.0,6.18,77.6,64,56,49,67,61,8,13767,2493,Easy Run,54,7.25,139,162,5,255,44.0,15.3,97.3,3.03
2024-01-06,30,97.2,7.14,78.9,83,59,26,66,60,9,9624,2866,Recovery Ride,56,14.97,130,149,4,237,44.0,15.2,96.9,2.97
2024-01-07,30,97.1,6.74,83.3,79,58,39,51,61,7,6322,2347,Rest / Mobility,21,0.0,86,106,1,22,44.0,15.5,96.4,2.9
2024-01-08,30,97.1,6.88,90.7,96,57,49,64,50,5,10696,3079,Weightlifting,45,0.0,118,156,9,527,43.9,15.1,97.4,3.76
2024-01-09,30,97.1,6.88,74.0,86,56,47,93,49,7,11778,2678,Intermediate Run,46,6.12,148,170,5,296,43.8,15.4,96.3,3.18
2024-01-10,30,96.9,7.29,74.6,81,60,32,69,68,4,11071,2675,Easy Run,37,5.03,138,160,5,201,43.7,15.8,97.5,2.96
2024-01-11,30,97.0,6.69,81.7,81,58,48,62,71,7,10225,3026,Intermediate Run,46,5.71,148,172,7,432,43.8,15.8,96.7,2.73
2024-01-12,30,97.0,6.67,82.6,92,58,36,67,52,7,9432,3168,Weightlifting,50,0.0,119,170,6,325,43.9,15.8,97.5,3.02
2024-01-13,30,97.2,7.03,74.2,74,60,41,69,62,8,10480,2992,Intermediate Run,55,7.56,141,171,6,430,43.9,14.8,96.9,2.85
2024-01-14,30,97.3,6.9,74.1,79,59,33,69,63,8,10553,2986,Easy Run,31,4.16,138,160,4,119,43.9,14.9,96.7,3.27
2024-01-15,30,97.0,6.81,84.9,95,59,42,87,49,6,8664,3067,Weightlifting,60,0.0,107,156,8,560,44.0,15.6,98.3,2.73
2024-01-16,30,96.6,7.04,78.8,70,57,48,51,59,8,8445,2804,Recovery Ride,44,12.98,125,154,5,216,44.0,16.8,97.4,2.92
2024-01-17,30,96.8,6.0,77.9,82,61,33,64,58,6,12433,2947,Weightlifting,67,0.0,120,160,7,512,44.2,15.9,96.5,3.52
2024-01-18,30,97.1,6.17,84.8,70,60,48,49,61,3,10681,2694,Easy Run,46,5.74,127,158,4,174,44.0,15.5,96.5,2.79
2024-01-19,30,97.2,7.3,72.2,95,58,37,84,56,5,8264,3245,Weightlifting,50,0.0,126,176,8,488,44.2,15.3,97.2,2.92
2024-01-20,30,97.4,5.62,77.7,74,59,37,59,60,7,12865,3096,Intermediate Run,54,8.09,146,170,7,492,44.2,15.8,96.8,3.45
2024-01-21,30,97.6,6.23,75.7,78,60,42,66,73,6,8431,2529,Rest / Mobility,23,0.0,80,104,2,13,44.2,15.5,97.0,3.09
2024-01-22,30,97.8,6.66,84.6,90,57,48,79,57,4,11178,3122,Weightlifting,58,0.0,114,148,8,490,44.3,14.7,96.7,3.63
2024-01-23,30,97.8,6.43,74.0,75,57,50,61,53,7,11621,2866,Intermediate Run,58,6.99,146,178,5,352,44.3,15.3,96.7,3.29
2024-01-24,30,97.8,6.57,71.3,67,57,41,59,73,8,10902,3076,Weightlifting,59,0.0,128,176,9,625,44.2,15.6,96.6,2.84
2024-01-25,30,97.9,6.73,86.2,75,59,48,58,61,8,13466,3360,Intermediate Run,59,6.87,150,184,7,543,44.3,15.2,97.1,3.18
2024-01-26,30,98.0,6.02,82.9,74,63,36,53,57,4,12675,3188,Weightlifting,71,0.0,102,133,7,623,44.4,15.2,97.2,2.72
2024-01-27,30,97.9,6.2,81.0,62,63,52,47,46,10,10521,2560,Recovery Walk,49,3.72,91,115,2,80,44.3,16.3,96.3,3.11
2024-01-28,30,98.2,7.03,73.2,86,59,46,78,47,4,10605,2497,Recovery Walk,34,3.21,101,128,2,57,44.3,15.8,96.8,3.35
2024-01-29,30,97.8,7.91,91.5,98,57,59,99,35,6,12311,3411,Weightlifting,70,0.0,118,152,7,601,44.3,14.1,96.7,3.27
2024-01-30,30,97.9,6.48,86.6,66,55,42,59,60,5,10168,2650,Intermediate Run,41,6.03,150,181,7,323,44.2,14.9,97.5,3.12
2024-01-31,30,97.9,6.41,83.3,73,60,38,53,60,5,11111,3106,Weightlifting,63,0.0,116,160,8,532,44.1,15.0,98.1,2.71
2024-02-01,30,98.0,6.32,81.6,80,57,38,63,40,5,14819,2974,Intermediate Run,45,4.99,146,169,7,361,44.1,16.5,97.0,3.63
2024-02-02,30,98.3,6.37,73.7,65,59,36,40,55,5,8121,2923,Weightlifting,43,0.0,109,139,5,266,44.1,16.1,97.1,3.49
2024-02-03,30,98.2,6.99,73.3,81,57,31,76,75,6,10928,2691,Intermediate Run,42,5.09,145,168,7,330,44.0,15.3,96.9,3.35
2024-02-04,30,98.3,6.84,78.2,80,57,38,74,63,5,12134,3148,Weightlifting,70,0.0,109,152,8,611,43.9,16.0,96.3,2.93
2024-02-05,30,98.1,5.45,70.4,65,59,35,61,50,8,12402,3145,Weightlifting,67,0.0,113,154,8,606,43.8,15.3,97.1,2.48
2024-02-06,30,98.1,6.9,72.9,78,62,25,57,63,7,11940,2854,Easy Run,51,6.61,129,147,5,285,43.9,15.3,97.2,3.28
2024-02-07,30,97.7,6.21,76.1,75,59,39,65,80,8,8200,2575,Easy Run,37,4.28,140,160,5,176,43.8,16.3,96.9,2.79
2024-02-08,30,97.6,6.45,86.9,87,58,49,49,62,8,13169,2999,Tempo Run,37,5.1,163,189,7,299,43.9,16.3,97.3,2.63
2024-02-09,30,97.6,6.58,76.2,74,60,35,62,55,7,9486,2619,Easy Run,32,4.41,133,153,5,167,43.8,16.2,96.9,3.02
2024-02-10,30,97.6,7.11,73.9,91,62,46,93,50,5,11729,3720,Long Run,68,8.86,132,153,7,557,43.8,16.5,97.5,2.53
2024-02-11,30,97.4,6.76,79.0,81,60,44,59,63,10,8456,2581,Rest / Mobility,34,0.0,81,99,2,14,43.8,16.5,96.9,3.37
2024-02-12,30,97.7,5.63,87.7,84,56,38,55,67,6,8201,2991,Weightlifting,53,0.0,103,149,9,500,43.8,14.7,97.0,2.45
2024-02-13,30,97.7,6.29,70.0,71,58,48,78,71,7,10597,2687,Intermediate Run,36,4.8,146,180,7,281,43.8,17.0,97.2,2.76
2024-02-14,30,97.3,6.12,75.8,77,57,37,65,60,9,9829,2403,Easy Run,35,3.92,128,156,4,142,43.8,16.2,97.7,1.97
2024-02-15,30,97.3,6.01,72.9,91,61,52,82,52,6,12658,3381,Tempo Run,53,6.88,158,177,9,564,43.8,15.0,97.5,3.32
2024-02-16,30,97.5,6.24,84.3,67,60,47,53,64,5,10014,2994,Weightlifting,73,0.0,112,148,6,523,43.7,15.5,96.9,3.22
2024-02-17,30,97.5,7.02,72.1,89,54,56,75,57,7,13238,3669,Long Run,75,8.13,143,164,8,779,43.7,15.6,97.7,3.29
2024-02-18,30,97.3,6.86,70.0,60,60,44,49,58,7,5326,2488,Rest / Mobility,22,0.0,72,91,1,12,43.7,15.2,97.2,2.71
2024-02-19,30,97.3,6.89,82.2,98,60,57,65,39,5,11056,3060,Weightlifting,74,0.0,107,152,7,568,43.7,15.6,96.9,2.91
2024-02-20,30,97.3,5.93,71.7,62,61,35,78,67,8,10329,2793,Intermediate Run,37,5.37,143,167,5,218,43.8,16.0,96.8,2.85
2024-02-21,30,97.2,6.05,78.3,91,57,57,82,57,8,11700,3585,Weightlifting,74,0.0,123,161,9,881,43.8,16.0,96.3,3.24
2024-02-22,30,97.2,6.54,71.8,68,60,47,68,67,8,10122,2699,Recovery Walk,63,4.42,101,120,4,209,43.8,14.7,97.3,3.13
2024-02-23,30,97.2,7.02,78.3,90,59,43,83,53,7,11086,2699,Weightlifting,48,0.0,109,141,5,301,43.8,15.4,97.0,2.74
2024-02-24,30,97.5,6.59,76.3,90,59,51,59,62,9,10604,2706,Intermediate Run,44,5.9,149,174,5,280,44.0,16.2,96.9,3.18
2024-02-25,30,97.8,7.49,86.4,85,58,40,57,48,5,12716,3059,Weightlifting,71,0.0,109,139,5,431,43.9,15.6,97.2,2.63
2024-02-26,30,97.7,6.41,81.9,70,59,44,63,63,10,11276,2708,Easy Run,30,3.6,130,158,5,142,43.8,15.3,96.8,2.68
2024-02-27,30,97.8,6.13,74.3,83,57,47,71,48,9,12935,3186,Intermediate Run,57,7.25,138,159,5,385,43.8,15.3,96.9,3.78
2024-02-28,30,97.7,6.34,74.5,66,57,42,73,56,7,10917,2989,Weightlifting,49,0.0,119,148,7,405,43.7,16.3,98.4,2.89
2024-02-29,30,97.7,7.46,81.4,82,60,51,76,61,9,12062,2608,Intermediate Run,39,4.36,143,177,5,259,43.7,16.4,97.4,3.56
2024-03-01,30,97.7,6.64,76.5,81,61,44,67,47,8,12067,3004,Weightlifting,55,0.0,123,154,7,479,43.7,16.8,97.0,3.13
2024-03-02,30,97.6,6.84,81.5,80,58,44,77,49,8,12563,2799,Recovery Ride,61,25.35,122,143,3,200,43.7,16.3,96.4,2.9
2024-03-03,30,97.8,6.38,87.9,74,54,46,56,51,8,8440,2809,Recovery Ride,36,10.1,128,158,4,151,43.7,15.3,96.5,2.99
2024-03-04,30,97.9,5.85,70.9,72,58,44,57,66,5,11213,2677,Easy Run,38,4.36,129,153,4,175,43.7,15.6,97.7,3.41
2024-03-05,30,97.8,6.79,85.1,88,60,42,87,52,9,10086,2708,Intermediate Run,42,4.96,151,179,6,298,43.8,14.8,97.2,3.14
2024-03-06,30,98.1,5.4,76.2,56,55,48,55,69,5,10179,2625,Easy Run,37,4.1,132,156,5,181,43.8,15.6,96.5,2.88
2024-03-07,30,98.3,6.55,70.0,79,57,34,63,76,8,11538,3099,Intermediate Run,59,7.15,148,176,6,447,43.8,15.9,97.8,2.95
2024-03-08,30,98.2,6.66,83.0,83,61,38,82,61,10,8175,2679,Recovery Ride,36,9.71,126,146,5,196,43.8,16.6,97.2,2.66
2024-03-09,30,97.9,6.98,75.6,84,63,56,74,58,7,11306,2656,Intermediate Run,38,5.09,142,174,6,276,43.8,15.1,97.0,3.36
2024-03-10,30,98.0,7.56,72.4,75,59,51,79,52,8,12641,2827,Easy Run,42,5.75,132,154,4,186,43.7,15.5,97.6,2.89
2024-03-11,30,97.5,6.1,80.5,84,59,38,63,62,9,9702,3125,Weightlifting,74,0.0,123,174,6,501,43.8,15.4,97.5,3.09
2024-03-12,30,97.2,5.82,72.0,78,58,45,64,68,8,13860,3153,Intermediate Run,56,8.22,147,172,7,511,43.7,16.2,96.9,2.7
2024-03-13,30,97.2,6.25,76.8,71,63,45,63,71,7,10677,2755,Easy Run,39,4.88,139,162,5,216,43.7,15.5,97.1,2.81
2024-03-14,30,97.3,6.4,78.9,67,61,45,66,34,10,10036,3422,Tempo Run,41,5.61,156,184,9,507,43.6,16.2,96.6,3.1
2024-03-15,30,97.5,6.34,79.6,81,60,44,71,82,7,9143,3101,Weightlifting,59,0.0,114,159,5,325,43.6,16.2,97.7,2.97
2024-03-16,30,97.7,6.06,80.0,72,58,45,63,66,10,13116,3088,Intermediate Run,60,7.99,148,173,6,427,43.5,15.5,97.6,3.31
2024-03-17,30,97.3,6.53,85.4,78,59,41,65,50,5,6972,2659,Rest / Mobility,36,0.0,87,111,1,12,43.4,15.2,96.6,3.46
2024-03-18,30,97.5,7.28,78.7,98,58,49,61,66,3,11143,3246,Weightlifting,58,0.0,117,167,9,598,43.5,15.7,98.5,2.32
2024-03-19,30,97.8,6.86,79.9,77,58,36,61,43,8,9750,2605,Easy Run,51,6.08,132,152,4,186,43.5,15.0,97.2,2.8
2024-03-20,30,97.8,6.96,73.6,82,60,35,69,46,6,9508,3060,Weightlifting,44,0.0,116,157,9,432,43.5,14.8,97.3,3.01
2024-03-21,30,97.7,6.51,76.4,77,60,43,64,54,7,12623,3225,Tempo Run,50,6.8,152,180,9,512,43.4,16.6,96.5,2.66
2024-03-22,30,97.7,7.13,75.1,80,57,59,54,60,8,13046,3150,Easy Run,54,6.63,131,161,6,341,43.4,15.5,97.1,3.04
2024-03-23,30,97.7,6.38,71.7,76,64,36,79,76,6,9652,2660,Intermediate Run,42,6.16,139,166,5,272,43.3,16.5,96.9,3.35
2024-03-24,30,98.0,6.02,78.7,72,59,30,63,70,4,7798,2478,Rest / Mobility,37,0.0,82,106,2,29,43.3,16.3,96.5,3.03
2024-03-25,30,98.1,6.97,81.7,97,54,51,70,48,4,11240,3530,Weightlifting,72,0.0,114,160,8,757,43.3,15.9,97.8,2.64
2024-03-26,30,97.8,6.52,90.1,76,59,40,64,59,9,9800,2495,Easy Run,45,5.56,133,164,6,265,43.3,15.2,96.5,3.48
2024-03-27,30,98.0,6.65,91.0,85,60,43,69,68,6,8843,2777,Recovery Ride,50,14.83,120,149,4,181,43.3,15.8,96.8,2.99
2024-03-28,30,97.8,5.98,79.1,80,61,47,67,69,9,10988,2897,Intermediate Run,52,5.89,140,163,6,396,43.3,15.6,96.5,3.35
2024-03-29,30,98.0,6.47,81.1,78,60,43,45,52,7,11028,2848,Weightlifting,44,0.0,115,156,7,359,43.3,16.0,97.9,2.48
2024-03-30,30,97.5,6.5,75.4,76,58,44,65,60,8,9144,2804,Intermediate Run,41,5.88,144,178,7,383,43.4,16.2,96.4,3.57
2024-03-31,30,97.6,6.05,70.0,77,60,38,38,57,7,7562,2628,Rest / Mobility,38,0.0,84,103,1,21,43.4,15.7,97.1,2.38
2024-04-01,30,97.5,6.49,80.1,82,56,40,69,70,4,10213,3512,Weightlifting,64,0.0,127,169,9,717,43.5,16.2,97.1,2.34
2024-04-02,30,97.4,6.81,76.1,87,57,48,75,70,10,12053,2883,Intermediate Run,54,7.88,145,168,6,388,43.6,15.2,97.4,3.16
2024-04-03,30,97.1,6.54,71.8,70,61,37,48,65,9,10297,3123,Weightlifting,61,0.0,123,172,8,585,43.7,16.2,96.7,3.15
2024-04-04,30,97.3,7.17,81.3,82,63,37,77,57,8,9182,2477,Easy Run,34,4.74,126,158,5,183,43.7,15.9,97.4,3.68
2024-04-05,30,97.3,5.36,88.8,71,58,40,62,73,8,9914,2907,Weightlifting,45,0.0,122,163,6,338,43.8,15.5,97.3,2.7
2024-04-06,30,97.6,7.05,84.4,85,56,45,64,52,9,14077,2842,Intermediate Run,43,5.38,141,168,6,304,43.8,15.6,97.3,3.58
2024-04-07,30,97.9,5.72,82.3,79,61,48,64,53,6,9249,2850,Recovery Ride,61,17.87,120,145,3,189,43.8,15.3,97.4,2.6
2024-04-08,30,97.8,7.1,75.5,84,59,36,76,56,7,10290,3011,Weightlifting,62,0.0,108,157,5,389,43.9,15.4,97.5,2.59
2024-04-09,30,98.2,6.95,71.4,66,55,52,50,81,7,13543,3010,Intermediate Run,59,6.56,141,164,5,363,44.0,16.5,98.1,3.21
2024-04-10,30,98.2,6.87,75.7,74,59,41,57,64,8,9210,3402,Weightlifting,70,0.0,123,154,9,803,43.9,16.4,96.6,2.93
2024-04-11,30,98.5,6.37,86.1,75,56,57,74,66,7,10368,3100,Tempo Run,43,6.48,152,179,9,538,44.0,15.4,97.7,2.81
2024-04-12,30,98.8,6.52,70.0,75,58,39,46,65,6,9201,2891,Weightlifting,50,0.0,111,142,9,460,44.1,14.1,97.1,2.49
2024-04-13,30,99.0,6.95,73.5,80,60,52,65,56,6,13851,2961,Intermediate Run,56,8.19,144,170,7,447,44.0,15.5,97.3,2.86
2024-04-14,30,98.8,6.68,74.8,60,61,48,48,60,8,9922,2897,Easy Run,50,5.86,135,166,6,324,44.0,15.3,97.5,2.35
2024-04-15,30,98.8,6.42,70.4,85,57,36,72,71,5,8076,2871,Weightlifting,42,0.0,113,158,8,408,44.0,15.9,97.5,2.92
2024-04-16,30,99.0,5.85,70.0,74,61,25,51,69,10,11015,2848,Intermediate Run,55,6.8,151,177,6,357,43.9,15.2,97.0,3.16
2024-04-17,30,99.0,5.92,79.1,87,59,40,69,49,8,10853,3359,Weightlifting,69,0.0,124,156,8,598,43.8,15.5,98.7,2.87
2024-04-18,30,98.8,6.5,71.3,78,57,57,75,56,10,13210,3295,Tempo Run,55,7.19,162,188,8,556,43.7,16.1,97.4,3.17
2024-04-19,30,98.8,6.22,73.7,74,63,34,62,74,7,11344,3074,Recovery Ride,52,15.85,125,144,4,222,43.7,15.0,97.3,3.06
2024-04-20,30,98.8,7.01,80.1,87,58,45,69,59,9,10735,2990,Intermediate Run,49,6.51,148,174,6,324,43.5,16.3,97.8,2.8
2024-04-21,30,99.0,6.68,73.5,76,60,47,61,56,6,12322,2698,Easy Run,45,5.24,134,157,5,261,43.6,16.5,97.0,2.58
2024-04-22,30,98.9,6.66,78.4,75,59,33,74,55,7,8729,3209,Weightlifting,57,0.0,119,147,9,661,43.7,15.5,97.4,3.0
2024-04-23,30,99.0,7.51,73.5,72,60,44,63,61,9,12070,2815,Intermediate Run,58,7.32,146,178,5,363,43.8,15.9,97.0,3.54
2024-04-24,30,99.0,7.05,77.9,66,60,38,54,60,7,12273,2933,Weightlifting,71,0.0,116,144,5,388,43.8,15.4,97.4,3.15
2024-04-25,30,98.8,7.04,75.8,86,59,57,69,54,8,12010,3342,Tempo Run,42,5.55,158,182,8,437,43.7,16.1,96.3,3.04
2024-04-26,30,98.9,6.38,77.7,76,61,35,65,69,8,9678,3374,Weightlifting,75,0.0,112,151,8,654,43.6,16.2,95.8,2.97
2024-04-27,30,99.0,7.45,77.8,84,62,53,86,63,8,10677,2827,Intermediate Run,38,5.28,143,164,7,328,43.6,15.5,96.7,2.59
2024-04-28,30,99.0,6.71,87.0,79,59,36,52,53,7,11272,2670,Easy Run,36,4.19,141,163,6,232,43.5,15.2,96.4,2.75
2024-04-29,30,98.9,5.64,77.0,71,59,53,40,65,7,11721,3001,Weightlifting,58,0.0,105,139,7,437,43.4,15.7,96.7,3.13
2024-04-30,30,98.9,7.49,78.2,78,55,28,49,59,9,11351,2621,Intermediate Run,35,4.84,140,164,5,232,43.5,16.1,96.9,2.6
2024-05-01,30,98.7,5.95,70.0,71,58,34,58,63,6,9461,2900,Weightlifting,48,0.0,122,174,8,402,43.6,15.7,97.3,2.67
2024-05-02,30,98.4,6.83,79.7,87,59,37,75,48,8,11151,2795,Intermediate Run,44,5.67,145,170,5,298,43.6,15.5,97.1,3.14
2024-05-03,30,98.7,5.87,84.8,72,61,46,53,79,5,11796,3301,Weightlifting,70,0.0,105,135,8,645,43.6,16.2,96.8,3.22
2024-05-04,30,98.7,6.62,82.6,80,55,53,50,69,9,13165,3373,Long Run,58,6.11,141,160,6,400,43.5,15.4,96.6,2.77
2024-05-05,30,98.6,7.46,75.7,81,55,36,77,71,5,9521,3028,Weightlifting,54,0.0,126,170,8,502,43.5,15.6,97.3,2.69
2024-05-06,30,98.5,6.74,78.5,74,58,42,58,56,10,11638,3216,Weightlifting,67,0.0,111,157,9,623,43.6,15.5,97.5,3.1
2024-05-07,30,98.4,6.69,70.6,64,56,43,71,79,9,8783,2531,Recovery Ride,41,16.85,124,152,3,112,43.5,14.6,96.9,3.33
2024-05-08,30,98.5,5.35,82.2,71,59,59,50,43,6,10047,3167,Weightlifting,55,0.0,107,152,5,295,43.4,16.7,96.5,3.29
2024-05-09,30,98.6,5.61,79.8,78,61,43,68,61,8,13241,3336,Tempo Run,54,7.5,150,171,8,572,43.4,16.0,96.9,3.03
2024-05-10,30,98.7,5.46,84.8,63,57,38,67,46,10,11814,2798,Easy Run,44,4.93,133,165,5,249,43.4,15.8,97.1,3.27
2024-05-11,30,98.9,6.74,77.5,81,58,51,73,32,8,14447,3818,Long Run,95,11.46,137,162,6,727,43.5,15.6,96.9,3.22
2024-05-12,30,99.0,6.16,71.6,62,60,50,57,68,8,11379,2662,Easy Run,38,5.12,128,146,4,172,43.5,15.9,97.5,2.68
2024-05-13,30,99.0,7.03,78.4,80,58,36,59,56,6,11221,3227,Weightlifting,58,0.0,116,147,8,566,43.4,14.6,97.2,2.79
2024-05-14,30,99.0,5.56,74.7,62,57,49,50,62,5,8959,2251,Easy Run,38,4.75,141,166,4,164,43.5,14.9,97.2,3.37
2024-05-15,30,99.0,6.54,87.5,94,59,38,85,51,7,11164,3064,Weightlifting,67,0.0,124,163,9,675,43.5,16.2,98.5,3.08
2024-05-16,30,98.8,6.06,76.5,65,59,36,66,62,8,11270,2710,Easy Run,51,6.89,126,156,6,350,43.4,15.7,97.5,3.04
2024-05-17,30,98.4,5.99,76.1,81,59,44,75,61,7,11542,3139,Weightlifting,51,0.0,117,161,8,524,43.4,15.8,96.8,2.86
2024-05-18,30,98.5,7.22,84.7,82,59,37,65,62,10,9049,2791,Intermediate Run,53,6.75,151,178,5,318,43.3,15.4,97.1,3.1
2024-05-19,30,98.6,6.02,76.0,75,58,54,66,65,8,6185,2526,Rest / Mobility,30,0.0,75,100,1,20,43.2,16.2,97.1,2.5
2024-05-20,30,98.6,6.74,75.1,82,60,36,86,47,7,9907,3260,Weightlifting,66,0.0,123,167,7,566,43.2,15.8,96.9,2.78
2024-05-21,30,98.4,6.16,77.4,65,53,41,79,69,8,13173,3062,Intermediate Run,59,7.79,145,166,6,404,43.2,15.6,97.4,3.06
2024-05-22,30,98.4,6.68,78.6,83,60,39,63,60,9,11317,3233,Weightlifting,65,0.0,118,146,9,672,43.2,14.8,97.2,2.47
2024-05-23,30,98.3,7.26,70.5,68,58,29,55,71,8,12747,2822,Easy Run,46,5.56,141,169,5,259,43.1,14.9,96.8,3.23
2024-05-24,30,98.3,5.83,79.7,81,61,55,57,56,5,12057,3314,Weightlifting,75,0.0,106,143,8,766,43.1,15.9,97.6,2.82
2024-05-25,30,98.0,7.84,70.5,77,63,42,62,53,7,11544,3272,Long Run,56,7.51,139,168,6,400,43.0,14.4,97.9,3.63
2024-05-26,30,98.0,5.81,80.8,88,56,44,66,67,7,6753,2337,Rest / Mobility,33,0.0,74,89,1,24,43.1,15.9,98.0,2.68
2024-05-27,30,97.9,6.84,87.7,95,57,47,68,59,7,12014,2940,Weightlifting,47,0.0,121,154,8,490,43.1,15.1,97.3,2.74
2024-05-28,30,98.0,6.24,75.3,78,58,37,78,74,7,13216,2804,Intermediate Run,57,6.89,151,178,6,390,42.9,16.2,96.8,2.5
2024-05-29,30,97.8,6.84,78.6,73,58,48,62,64,10,10713,3391,Weightlifting,64,0.0,108,155,9,703,42.8,16.5,97.2,2.35
2024-05-30,30,97.9,6.37,86.1,62,59,32,56,69,7,8734,2674,Easy Run,32,3.79,139,162,6,188,42.8,15.7,97.3,2.24
2024-05-31,30,98.0,7.1,70.0,86,57,42,74,53,6,9699,2857,Weightlifting,40,0.0,110,162,7,358,42.7,15.0,96.6,2.91
2024-06-01,30,98.2,5.74,75.1,81,56,39,72,71,7,13640,3610,Long Run,86,11.2,146,172,7,731,42.7,16.4,98.0,2.94
2024-06-02,30,98.3,6.98,80.6,84,60,30,80,49,6,9286,2579,Rest / Mobility,37,0.0,84,103,2,16,42.7,16.7,98.7,2.99
2024-06-03,30,98.4,6.58,91.4,97,57,58,89,55,4,12184,2973,Weightlifting,55,0.0,119,160,6,432,42.8,14.5,97.5,2.7
2024-06-04,30,98.5,6.81,73.0,75,60,49,59,58,5,11133,2724,Intermediate Run,45,6.29,149,183,6,321,42.8,16.1,97.4,3.03
2024-06-05,30,98.6,6.82,80.6,85,57,25,81,54,5,8025,3000,Weightlifting,49,0.0,116,146,6,347,42.9,15.4,97.7,3.14
2024-06-06,30,98.5,6.58,76.7,80,55,46,56,47,5,9190,3293,Tempo Run,38,5.89,157,176,9,477,42.8,15.3,97.9,3.54
2024-06-07,30,98.3,6.35,75.8,75,60,51,77,57,5,9606,2825,Weightlifting,49,0.0,115,163,6,309,42.8,15.8,96.6,2.76
2024-06-08,30,98.1,6.27,77.3,72,61,51,41,53,6,10083,2711,Recovery Ride,51,15.69,130,158,3,162,42.7,15.6,96.4,2.92
2024-06-09,30,98.4,6.29,79.4,78,58,56,78,49,8,7543,2605,Rest / Mobility,37,0.0,84,101,2,27,42.6,15.0,97.5,3.18
2024-06-10,30,98.5,6.71,82.7,93,58,36,89,65,6,10419,2731,Weightlifting,42,0.0,120,151,6,308,42.6,14.6,97.5,2.88
2024-06-11,30,98.7,6.75,73.4,80,58,44,62,58,9,12632,2828,Easy Run,53,5.97,129,159,6,353,42.5,14.7,98.0,3.0
2024-06-12,30,98.6,6.58,80.0,78,57,37,55,52,7,10349,2839,Weightlifting,50,0.0,124,161,5,259,42.5,16.0,97.9,2.65
2024-06-13,30,99.0,6.48,82.2,85,56,49,79,53,8,8702,3014,Tempo Run,36,4.74,154,179,7,307,42.4,15.5,97.7,3.39
2024-06-14,30,98.9,6.84,77.3,92,56,48,69,74,10,9865,2602,Weightlifting,51,0.0,107,140,5,306,42.4,15.3,97.6,2.63
2024-06-15,30,99.0,6.68,75.1,76,62,32,71,57,7,11325,2749,Intermediate Run,56,6.7,152,181,5,320,42.4,15.8,97.4,3.43
2024-06-16,30,99.0,6.24,93.2,91,56,32,80,66,8,8114,2357,Rest / Mobility,34,0.0,80,102,1,24,42.2,15.6,97.3,2.81
2024-06-17,30,98.8,6.69,95.4,97,56,55,87,57,7,9327,2894,Weightlifting,58,0.0,122,168,6,376,42.3,14.7,97.5,3.62
2024-06-18,30,98.6,6.28,83.4,85,56,43,63,50,7,11740,3294,Weightlifting,59,0.0,122,163,7,479,42.3,17.0,97.3,3.04
2024-06-19,30,98.6,5.57,70.0,81,59,35,72,41,8,11246,2932,Weightlifting,64,0.0,117,148,6,435,42.2,16.1,96.6,3.01
2024-06-20,30,98.9,6.22,73.5,78,60,40,65,48,7,11376,3047,Intermediate Run,44,6.59,142,162,7,365,42.3,17.1,96.6,3.13
2024-06-21,30,98.8,6.64,80.4,80,61,51,60,47,6,9224,2992,Weightlifting,43,0.0,121,172,8,433,42.3,15.6,97.7,2.62
2024-06-22,30,98.7,5.45,75.5,71,61,38,40,71,7,11116,2795,Recovery Walk,44,3.75,95,113,4,150,42.1,15.3,97.0,2.73
2024-06-23,30,98.8,7.05,72.8,84,59,47,76,51,7,11222,2597,Recovery Walk,38,3.26,85,104,3,92,42.1,16.4,97.5,3.06
2024-06-24,30,98.8,6.13,87.6,92,56,44,82,60,6,9615,3057,Weightlifting,63,0.0,124,157,5,410,42.2,16.3,97.8,3.01
2024-06-25,30,99.0,7.44,77.4,77,57,34,56,53,6,12616,2854,Intermediate Run,48,5.62,140,172,7,442,42.2,16.1,96.7,3.16
2024-06-26,30,99.0,6.91,73.0,84,59,47,58,50,8,12282,3358,Weightlifting,72,0.0,110,143,7,644,42.1,15.9,96.4,2.57
2024-06-27,30,98.9,6.06,81.4,72,57,34,40,65,5,11258,2657,Recovery Walk,48,4.26,94,121,2,90,42.0,15.5,97.5,3.18
2024-06-28,30,99.0,6.72,82.1,78,59,51,56,53,6,10836,3242,Weightlifting,54,0.0,123,174,8,561,41.9,15.6,97.9,2.85
2024-06-29,30,99.0,6.9,84.0,92,61,44,86,59,8,8750,2855,Recovery Ride,58,15.39,130,148,4,228,41.9,16.5,96.7,3.03
2024-06-30,30,99.0,5.53,81.6,83,57,43,88,60,5,9319,2607,Recovery Walk,46,3.89,95,111,4,160,42.0,16.7,97.1,3.42
2024-07-01,30,99.0,7.12,86.9,93,57,58,71,54,7,9654,2520,Weightlifting,41,0.0,120,166,7,375,42.0,16.1,97.3,3.44
2024-07-02,30,99.0,6.28,79.7,69,59,41,75,75,7,9088,2802,Intermediate Run,37,5.01,145,179,7,299,41.9,15.6,96.9,3.1
2024-07-03,30,98.9,6.79,74.5,87,57,44,80,58,7,9251,2990,Weightlifting,66,0.0,104,137,5,431,41.9,15.5,97.0,2.72
2024-07-04,30,98.8,6.28,77.2,74,58,46,70,55,6,11002,2924,Intermediate Run,50,5.73,141,175,7,392,41.8,15.4,96.9,2.79
2024-07-05,30,99.0,6.77,75.7,76,57,42,55,64,4,10585,3214,Weightlifting,74,0.0,115,161,6,564,41.8,15.8,97.2,2.77
2024-07-06,30,99.0,5.71,78.1,63,61,38,52,58,10,12007,2915,Weightlifting,71,0.0,121,162,7,500,41.8,16.6,97.5,3.04
2024-07-07,30,98.8,6.54,82.7,77,56,42,81,71,8,8061,2420,Rest / Mobility,34,0.0,86,101,2,13,41.9,15.4,96.3,3.23
2024-07-08,30,98.7,6.44,90.1,98,62,46,86,40,8,10125,3001,Weightlifting,63,0.0,118,167,7,472,41.9,15.5,96.7,2.49
2024-07-09,30,98.8,6.14,82.7,67,59,52,51,55,7,11347,2728,Intermediate Run,38,5.62,151,178,5,237,41.8,15.7,96.9,3.56
2024-07-10,30,98.6,6.27,74.3,73,60,52,54,65,4,9335,2750,Weightlifting,41,0.0,103,141,6,318,41.7,15.6,96.7,2.7
2024-07-11,30,98.2,5.21,70.0,65,60,25,49,62,10,10263,3084,Weightlifting,53,0.0,104,156,9,503,41.7,15.8,97.2,3.02
2024-07-12,30,98.1,8.6,70.0,98,58,45,80,53,7,9464,3143,Weightlifting,53,0.0,127,163,7,469,41.6,14.8,97.5,3.02
2024-07-13,30,98.2,6.4,80.3,71,60,48,78,59,9,8397,2599,Recovery Ride,35,10.4,122,142,5,159,41.6,16.3,96.8,3.18
2024-07-14,30,98.1,6.83,77.9,86,62,50,80,54,5,6967,2423,Recovery Walk,31,2.27,95,122,2,60,41.6,16.1,97.9,3.23
2024-07-15,30,98.2,7.27,79.6,98,55,54,74,47,1,10810,2577,Weightlifting,41,0.0,106,143,5,227,41.7,14.2,97.9,2.83
2024-07-16,30,98.3,7.81,88.3,97,57,47,79,36,4,9195,2892,Intermediate Run,48,6.29,148,170,6,360,41.7,15.6,97.3,2.78
2024-07-17,30,98.5,5.56,80.3,66,61,55,60,70,4,9756,2640,Weightlifting,46,0.0,116,160,6,352,41.7,15.4,97.4,3.09
2024-07-18,30,98.5,5.91,77.9,76,56,62,78,68,8,12801,2995,Intermediate Run,60,8.78,148,176,6,438,41.6,15.1,97.2,3.08
2024-07-19,30,98.7,5.39,74.2,66,63,47,42,70,4,7053,2545,Recovery Ride,38,15.95,130,154,5,166,41.5,15.4,97.1,3.28
2024-07-20,30,98.7,7.26,70.9,66,58,47,67,52,6,13743,3735,Long Run,83,8.51,134,157,8,778,41.5,14.6,96.9,3.55
2024-07-21,30,98.7,5.32,75.2,64,56,43,58,63,7,9084,2580,Rest / Mobility,39,0.0,82,100,2,24,41.4,15.5,97.4,2.56
2024-07-22,30,98.6,5.32,84.4,78,59,52,51,59,6,9752,3001,Weightlifting,67,0.0,105,155,5,422,41.4,16.6,96.7,2.63
2024-07-23,30,98.9,6.61,76.8,77,57,30,67,75,8,14273,2904,Intermediate Run,59,7.79,151,174,6,422,41.4,16.0,96.5,3.23
2024-07-24,30,98.9,7.44,82.4,88,59,40,84,58,4,7748,3045,Weightlifting,54,0.0,114,153,8,500,41.5,15.5,97.3,2.51
2024-07-25,30,99.0,5.44,82.3,70,60,35,71,75,9,11884,2951,Weightlifting,60,0.0,115,153,7,466,41.6,15.9,96.8,3.1
2024-07-26,30,99.0,6.64,72.0,79,60,27,54,57,7,12708,3216,Weightlifting,70,0.0,104,134,5,364,41.5,15.8,97.3,2.48
2024-07-27,30,99.0,6.42,75.4,81,58,41,74,43,10,14023,2935,Intermediate Run,58,7.24,140,168,5,361,41.4,15.4,97.1,3.18
2024-07-28,30,98.9,6.93,83.3,75,60,40,71,39,7,7917,2323,Rest / Mobility,30,0.0,75,93,2,23,41.3,15.9,97.4,2.69
2024-07-29,30,99.0,7.13,79.5,73,55,41,49,37,5,8321,2668,Weightlifting,43,0.0,111,158,7,340,41.3,15.4,97.0,3.37
2024-07-30,30,98.7,5.48,76.6,73,58,39,51,71,6,11955,2763,Intermediate Run,41,4.76,145,168,5,238,41.2,15.1,96.7,3.42
2024-07-31,30,98.8,6.98,81.1,77,58,36,77,47,8,8753,2762,Weightlifting,47,0.0,126,162,9,464,41.4,16.6,96.9,3.21
2024-08-01,30,98.7,5.41,82.1,58,58,46,51,69,8,12530,3084,Recovery Ride,70,29.1,135,153,5,378,41.4,15.1,96.8,3.6
2024-08-02,30,98.8,7.09,72.6,92,62,48,93,42,6,11179,3082,Weightlifting,57,0.0,101,135,7,499,41.5,16.0,96.6,2.64
2024-08-03,30,99.0,6.15,74.3,81,60,42,63,44,6,11346,2877,Intermediate Run,45,5.58,140,173,5,278,41.4,14.9,97.2,3.82
2024-08-04,30,99.0,6.7,92.8,74,61,41,69,63,6,8809,2431,Rest / Mobility,24,0.0,72,85,1,22,41.4,14.6,97.4,2.98
2024-08-05,30,98.8,6.76,77.1,86,59,62,73,50,4,11387,3151,Weightlifting,66,0.0,115,154,6,458,41.4,15.6,98.2,3.31
2024-08-06,30,98.8,6.32,74.1,80,60,35,80,71,8,13366,2722,Intermediate Run,59,8.71,147,168,5,330,41.2,15.9,96.7,3.18
2024-08-07,30,99.0,7.27,76.8,82,57,40,82,34,9,7770,2952,Weightlifting,43,0.0,122,153,7,350,41.1,15.0,96.6,3.02
2024-08-08,30,99.0,6.63,73.8,80,56,51,77,64,8,10672,3299,Tempo Run,54,7.43,154,175,9,572,41.3,15.6,96.5,3.77
2024-08-09,30,99.0,6.67,78.2,68,61,61,59,51,4,9119,3250,Weightlifting,58,0.0,123,172,9,605,41.2,16.2,97.4,2.99
2024-08-10,30,99.0,7.19,70.8,86,60,53,57,44,8,13621,3104,Long Run,57,6.14,133,151,6,412,41.1,16.6,97.5,3.33
2024-08-11,30,99.0,7.59,77.1,95,60,41,73,53,7,10079,2402,Recovery Walk,38,3.39,93,113,2,60,41.0,15.3,97.0,2.93
2024-08-12,30,98.8,6.05,73.1,72,53,45,84,48,5,13363,3043,Weightlifting,67,0.0,106,139,8,640,41.1,15.3,97.2,3.04
2024-08-13,30,98.7,5.88,77.1,61,60,36,73,74,8,12753,2851,Intermediate Run,52,7.45,150,175,5,301,41.0,16.2,96.8,3.51
2024-08-14,30,98.8,5.57,74.5,73,58,58,47,69,9,11076,3097,Weightlifting,67,0.0,102,144,5,418,41.0,15.4,97.4,3.7
2024-08-15,30,99.0,5.05,81.9,70,58,59,52,64,10,9048,2710,Recovery Ride,60,22.24,131,153,3,171,41.0,15.3,97.1,2.86
2024-08-16,30,99.0,6.11,78.1,83,60,28,79,64,9,11857,3206,Easy Run,55,7.61,140,171,6,388,41.0,16.2,97.4,3.06
2024-08-17,30,99.0,7.18,81.4,74,56,45,63,51,7,10064,2680,Intermediate Run,38,4.55,147,173,7,294,41.0,16.0,96.6,3.71
2024-08-18,30,99.0,6.43,72.2,77,57,25,84,70,6,11913,2993,Weightlifting,61,0.0,109,147,6,384,41.0,15.0,98.0,2.91
2024-08-19,30,99.0,5.7,76.4,74,58,41,61,63,8,13089,3389,Weightlifting,73,0.0,118,152,7,569,41.0,15.2,96.5,2.53
2024-08-20,30,99.0,6.27,70.0,68,58,34,52,75,9,8597,2674,Recovery Ride,44,12.77,122,144,3,117,41.0,14.8,97.0,2.83
2024-08-21,30,99.0,7.5,82.6,91,58,39,87,51,7,10265,2721,Weightlifting,49,0.0,125,178,5,269,41.0,15.4,96.4,2.92
2024-08-22,30,98.6,7.11,74.1,95,55,46,83,50,8,13929,3340,Tempo Run,55,7.69,161,189,9,639,41.0,14.4,97.4,3.6
2024-08-23,30,98.7,5.79,77.5,82,55,34,83,80,7,10541,2971,Weightlifting,60,0.0,122,160,6,412,41.0,16.8,97.9,2.47
2024-08-24,30,98.4,6.87,85.8,88,56,53,76,64,10,18388,3522,Long Run,95,10.51,140,167,6,698,41.0,15.6,96.9,2.76
2024-08-25,30,98.4,6.67,81.7,74,58,32,64,52,3,8659,2565,Rest / Mobility,34,0.0,86,98,1,21,41.0,16.2,97.2,3.32
2024-08-26,30,98.6,6.64,89.5,98,55,44,90,38,4,8962,2938,Weightlifting,58,0.0,103,152,5,360,41.2,14.4,98.4,2.61
2024-08-27,30,98.4,5.83,76.3,69,60,42,70,65,10,11868,2777,Intermediate Run,49,6.53,150,181,5,291,41.2,16.1,97.8,2.63
2024-08-28,30,98.4,5.99,74.9,90,59,49,66,56,8,10394,3087,Weightlifting,52,0.0,112,159,8,489,41.2,15.4,97.1,2.43
2024-08-29,30,98.2,6.84,73.6,74,61,49,48,61,5,9188,2598,Easy Run,44,4.98,136,165,4,185,41.2,16.7,96.7,3.17
2024-08-30,30,98.2,6.83,76.1,83,60,48,72,53,7,10132,2956,Weightlifting,55,0.0,123,166,8,521,41.1,15.8,96.9,2.86
2024-08-31,30,98.2,6.08,79.8,74,60,39,66,67,8,14122,3893,Long Run,78,8.82,141,165,7,702,41.0,15.7,97.3,2.86
2024-09-01,30,98.4,6.49,74.9,73,59,52,48,67,8,10919,2537,Easy Run,31,4.14,136,155,5,143,41.0,15.8,97.6,2.85
2024-09-02,30,98.8,6.48,78.9,82,61,42,57,57,7,11960,3183,Weightlifting,58,0.0,110,161,9,662,41.0,16.0,96.7,3.33
2024-09-03,30,99.0,6.73,82.7,83,61,49,65,54,8,10800,2936,Intermediate Run,53,7.24,152,177,6,425,41.0,15.5,97.7,3.48
2024-09-04,30,99.0,6.61,75.9,87,60,43,57,48,7,10807,2968,Weightlifting,65,0.0,106,153,5,362,41.2,16.2,97.0,2.15
2024-09-05,30,98.9,6.99,87.0,72,55,37,66,62,9,12574,3207,Intermediate Run,60,7.39,140,170,7,547,41.0,14.4,97.6,2.73
2024-09-06,30,98.5,6.37,76.2,72,58,32,53,65,7,13349,2662,Easy Run,51,7.01,128,156,6,314,41.0,15.1,97.0,2.96
2024-09-07,30,98.5,6.37,80.1,88,58,37,53,62,10,12197,2829,Intermediate Run,46,5.63,141,166,6,312,41.0,15.6,97.3,3.25
2024-09-08,30,98.2,6.7,73.6,89,60,38,83,55,6,5049,2381,Rest / Mobility,24,0.0,74,90,1,26,41.0,14.7,97.4,2.63
2024-09-09,30,98.1,6.64,80.4,84,53,55,69,52,4,11501,3357,Weightlifting,74,0.0,127,179,9,709,41.0,15.9,97.6,2.96
2024-09-10,30,98.1,6.26,77.7,71,56,34,45,47,6,13100,3003,Intermediate Run,59,7.95,147,173,5,326,41.0,15.1,97.4,3.21
2024-09-11,30,98.1,5.89,80.6,70,59,32,40,60,7,9544,2599,Recovery Ride,45,16.77,119,143,4,183,41.0,15.0,96.9,2.76
2024-09-12,30,98.3,7.08,72.6,88,61,46,70,52,8,10303,2812,Intermediate Run,49,6.59,149,181,6,341,41.0,15.1,96.9,2.65
2024-09-13,30,98.4,6.1,75.0,82,56,55,76,72,6,10121,3187,Weightlifting,70,0.0,127,162,7,601,41.1,14.8,96.9,2.85
2024-09-14,30,98.5,6.61,71.5,76,57,41,59,52,8,14522,3797,Long Run,83,9.64,141,171,7,719,41.2,15.4,96.8,3.07
2024-09-15,30,98.5,5.93,79.3,60,55,36,62,71,7,6556,2383,Rest / Mobility,25,0.0,78,102,1,18,41.0,15.5,97.3,2.36
2024-09-16,30,98.8,6.81,70.0,86,58,52,79,61,5,9670,2872,Weightlifting,43,0.0,121,165,7,362,41.1,15.3,97.7,2.23
2024-09-17,30,98.8,6.13,77.8,88,57,55,69,74,6,10621,2644,Intermediate Run,51,7.35,142,163,5,297,41.2,15.2,96.4,3.36
2024-09-18,30,99.0,6.39,78.1,83,61,42,87,63,6,9539,2746,Easy Run,43,4.85,133,164,5,250,41.2,15.5,97.0,2.34
2024-09-19,30,99.0,6.81,86.1,91,60,43,79,70,5,7406,2952,Tempo Run,35,4.78,155,182,8,341,41.2,15.2,97.3,3.03
2024-09-20,30,99.0,6.94,81.2,85,58,32,75,50,10,11005,2770,Recovery Ride,49,12.48,121,150,5,228,41.2,15.3,96.8,3.1
2024-09-21,30,98.8,6.29,88.0,83,60,37,72,64,4,10464,2793,Intermediate Run,36,4.37,151,178,7,332,41.2,16.3,96.9,3.86
2024-09-22,30,98.9,6.8,81.0,92,60,34,89,73,10,13163,2752,Recovery Ride,63,22.34,120,138,4,227,41.2,15.8,96.1,2.51
2024-09-23,30,98.9,5.51,76.1,61,60,26,52,46,6,12272,3041,Weightlifting,73,0.0,115,146,7,549,41.2,15.8,96.7,3.48
2024-09-24,30,98.8,6.77,70.0,69,58,47,58,46,6,10248,2730,Intermediate Run,42,5.33,150,179,6,275,41.2,15.6,96.8,3.22
2024-09-25,30,98.5,7.63,71.4,72,60,37,57,49,6,7958,2777,Recovery Ride,69,17.44,134,161,3,213,41.1,16.1,97.6,3.46
2024-09-26,30,98.6,6.97,81.1,84,59,37,71,65,4,10149,2708,Intermediate Run,35,4.71,140,170,6,240,41.3,16.1,96.9,3.25
2024-09-27,30,98.7,6.1,80.2,84,58,36,73,73,7,12087,3291,Weightlifting,73,0.0,113,143,9,777,41.2,15.4,97.5,3.24
2024-09-28,30,98.6,6.34,79.4,71,56,51,65,54,5,10728,2814,Recovery Ride,67,23.06,130,155,3,202,41.0,15.4,97.2,3.1
2024-09-29,30,98.9,7.04,75.0,96,54,53,76,65,7,8145,2563,Rest / Mobility,28,0.0,72,89,1,21,41.0,15.4,96.6,3.3
2024-09-30,30,98.8,6.18,85.3,87,55,53,62,43,7,9934,2924,Weightlifting,55,0.0,124,174,5,346,41.1,15.1,97.4,3.21
2024-10-01,30,98.8,7.07,74.6,92,55,55,72,55,5,12479,3038,Intermediate Run,58,8.14,139,160,6,439,41.2,15.1,96.8,2.99
2024-10-02,30,98.8,5.84,74.1,84,57,56,67,63,8,12959,2799,Easy Run,54,7.05,141,169,4,246,41.2,15.6,96.9,3.35
2024-10-03,30,99.0,6.78,86.7,88,59,30,46,62,7,11418,3021,Intermediate Run,59,8.72,138,162,5,322,41.2,15.8,97.1,2.97
2024-10-04,30,98.9,6.32,81.1,76,57,43,63,65,6,10253,2794,Weightlifting,42,0.0,112,149,9,429,41.2,15.4,97.5,2.26
2024-10-05,30,98.8,5.84,77.7,69,56,41,62,63,8,10323,2846,Recovery Ride,65,19.05,124,146,4,277,41.1,15.4,97.3,3.78
2024-10-06,30,99.0,6.89,90.2,81,58,42,71,60,9,5290,2567,Rest / Mobility,40,0.0,82,98,1,21,41.0,14.3,96.9,2.05
2024-10-07,30,98.9,6.74,75.1,82,55,49,65,57,1,8963,3302,Weightlifting,67,0.0,113,165,8,698,41.1,14.7,97.1,2.6
2024-10-08,30,99.0,6.75,87.8,72,59,28,36,66,8,11031,2762,Intermediate Run,40,5.19,145,170,7,313,41.1,14.9,97.4,3.56
2024-10-09,30,99.0,5.58,85.3,72,60,30,48,78,6,12033,3363,Weightlifting,67,0.0,104,145,9,768,41.0,15.6,96.2,3.41
2024-10-10,30,98.8,5.59,79.3,80,60,42,77,66,8,10929,2720,Intermediate Run,44,5.41,139,164,7,354,41.1,15.8,97.6,2.77
2024-10-11,30,98.7,6.99,77.1,87,58,42,77,60,4,9984,2967,Weightlifting,68,0.0,120,171,8,594,41.0,16.1,97.1,2.51
2024-10-12,30,98.6,6.63,75.5,67,58,45,77,46,9,13275,2944,Intermediate Run,49,5.47,151,185,6,365,41.0,15.2,97.2,3.49
2024-10-13,30,98.4,6.97,76.3,70,58,52,43,48,7,9744,2342,Rest / Mobility,40,0.0,73,86,2,21,41.0,15.2,96.9,2.56
2024-10-14,30,98.2,5.78,78.1,90,56,46,79,40,6,11805,3176,Weightlifting,72,0.0,126,178,6,570,41.1,15.0,97.8,3.03
2024-10-15,30,98.0,6.43,78.0,82,56,36,78,55,9,12129,2902,Intermediate Run,54,7.4,145,165,5,297,41.1,15.4,97.5,3.74
2024-10-16,30,98.0,6.08,70.2,79,54,40,75,64,10,9301,2770,Recovery Ride,58,18.27,136,154,5,257,41.0,15.3,97.1,3.26
2024-10-17,30,97.9,5.32,78.7,72,55,46,67,68,6,12644,3137,Tempo Run,46,6.2,162,181,9,486,41.0,16.0,97.3,3.36
2024-10-18,30,97.5,7.59,75.9,82,57,44,50,52,5,10954,2945,Weightlifting,60,0.0,122,158,6,465,41.2,16.2,97.4,2.95
2024-10-19,30,97.6,6.78,79.4,73,59,37,57,52,6,10060,2859,Intermediate Run,40,5.2,144,178,7,310,41.2,16.0,97.4,3.2
2024-10-20,30,97.6,5.94,74.0,68,61,50,62,72,5,11929,3298,Weightlifting,68,0.0,108,155,7,575,41.1,15.6,97.5,3.02
2024-10-21,30,97.4,6.07,78.2,64,53,44,60,64,5,11240,2461,Easy Run,33,3.76,128,153,4,154,41.1,14.4,97.8,2.78
2024-10-22,30,97.6,5.82,80.3,74,59,38,44,43,7,10036,2790,Intermediate Run,37,5.27,151,176,7,302,41.1,15.3,97.5,2.95
2024-10-23,30,97.5,5.69,79.6,79,60,27,58,56,7,12145,3354,Weightlifting,74,0.0,111,148,6,538,41.2,16.5,96.9,3.07
2024-10-24,30,97.7,6.6,72.7,64,55,48,66,76,9,9913,2613,Recovery Walk,41,3.68,100,118,2,89,41.2,15.3,96.5,3.56
2024-10-25,30,97.8,6.62,84.9,96,60,49,84,55,8,10244,2780,Weightlifting,48,0.0,108,152,5,276,41.2,16.2,96.5,2.41
2024-10-26,30,97.7,5.81,80.6,73,61,42,65,55,7,11836,3413,Long Run,84,10.76,136,163,6,577,41.3,16.1,98.0,2.99
2024-10-27,30,97.9,6.16,71.7,59,60,41,54,68,7,7352,2448,Rest / Mobility,35,0.0,88,106,2,28,41.2,15.6,96.5,3.13
2024-10-28,30,97.7,6.02,77.5,86,59,38,68,69,7,10536,3054,Weightlifting,60,0.0,122,152,8,556,41.3,16.1,97.7,3.63
2024-10-29,30,98.1,6.53,83.2,79,57,48,59,62,7,9897,2821,Intermediate Run,39,5.66,150,178,7,338,41.1,16.1,96.6,3.07
2024-10-30,30,97.9,6.76,78.0,80,60,40,80,66,8,10309,2742,Easy Run,43,5.38,127,158,4,181,41.1,15.6,97.0,2.56
2024-10-31,30,97.8,5.85,87.1,75,59,49,57,71,5,9998,2678,Intermediate Run,40,4.92,149,172,6,321,41.2,15.6,96.8,3.66
2024-11-01,30,98.0,6.32,72.6,89,57,49,75,52,7,11153,3087,Weightlifting,73,0.0,110,141,7,562,41.3,15.5,97.7,3.17
2024-11-02,30,98.2,6.35,79.5,77,54,42,65,58,10,11494,2637,Recovery Ride,52,14.11,127,154,5,227,41.4,16.4,97.0,3.3
2024-11-03,30,98.4,6.55,76.8,85,60,36,71,42,9,8710,2478,Rest / Mobility,38,0.0,76,90,2,28,41.2,15.7,97.0,2.72
2024-11-04,30,98.3,6.32,88.7,83,59,49,84,50,5,10075,2612,Weightlifting,42,0.0,127,156,5,222,41.2,15.6,96.4,3.28
2024-11-05,30,98.0,5.0,81.7,66,54,25,64,67,7,9864,2937,Intermediate Run,53,6.39,141,173,7,438,41.2,15.9,98.0,3.64
2024-11-06,30,97.9,6.3,81.6,77,60,48,85,58,5,10969,3325,Weightlifting,71,0.0,122,167,7,603,41.1,15.2,97.9,2.99
2024-11-07,30,98.0,6.35,75.3,83,57,43,75,46,8,11903,2798,Intermediate Run,42,5.97,148,174,6,305,41.2,16.1,96.6,2.78
2024-11-08,30,98.0,6.31,75.6,88,57,34,79,54,5,9787,2842,Weightlifting,43,0.0,106,149,8,405,41.3,15.4,97.1,2.39
2024-11-09,30,98.3,6.58,81.1,88,59,39,62,47,9,13036,2947,Intermediate Run,54,6.25,151,182,6,416,41.3,15.9,97.1,3.35
2024-11-10,30,98.4,6.36,81.5,80,59,43,66,82,9,8790,2598,Recovery Ride,43,16.31,134,160,3,119,41.3,15.7,97.6,3.15
2024-11-11,30,98.3,5.0,79.6,72,62,42,48,67,5,8706,3004,Weightlifting,57,0.0,116,151,6,357,41.3,15.8,97.6,3.07
2024-11-12,30,98.3,6.73,81.0,81,60,55,64,60,6,10806,2742,Intermediate Run,47,6.79,144,167,5,308,41.3,15.7,97.7,2.85
2024-11-13,30,98.1,6.6,71.0,87,57,48,59,66,8,11835,3093,Weightlifting,60,0.0,108,160,6,420,41.3,15.1,97.2,3.03
2024-11-14,30,98.2,6.45,73.6,80,59,25,74,60,10,10375,3565,Tempo Run,50,7.76,157,175,7,483,41.2,13.9,97.3,2.77
2024-11-15,30,98.3,6.27,82.2,71,54,41,56,58,7,7714,3031,Weightlifting,55,0.0,108,154,7,398,41.0,15.5,96.5,2.99
2024-11-16,30,98.0,6.97,78.2,71,57,40,43,51,9,10925,2948,Intermediate Run,54,7.85,148,178,6,371,41.0,15.4,97.5,3.65
2024-11-17,30,98.0,6.55,85.1,74,60,40,60,58,5,8563,2253,Rest / Mobility,23,0.0,85,99,2,21,41.0,15.6,97.2,2.9
2024-11-18,30,98.0,7.18,75.9,98,57,36,86,42,4,10855,3299,Weightlifting,65,0.0,112,142,8,561,41.1,14.8,96.9,3.37
2024-11-19,30,98.2,6.73,70.0,69,57,46,31,82,9,10941,2698,Easy Run,41,5.19,128,152,6,254,41.1,16.3,98.3,3.2
2024-11-20,30,98.4,6.18,74.4,73,56,42,44,63,7,9774,2834,Weightlifting,47,0.0,106,137,8,421,41.0,15.3,98.7,2.95
2024-11-21,30,98.3,5.88,71.8,75,57,50,72,75,6,11567,2871,Easy Run,47,6.49,130,151,6,296,41.1,16.0,96.9,3.32
2024-11-22,30,98.1,5.99,72.4,71,58,34,59,47,5,8622,2899,Weightlifting,42,0.0,103,135,7,365,41.0,16.0,96.9,3.13
2024-11-23,30,98.3,7.2,76.0,74,59,36,56,68,9,14361,3585,Long Run,64,7.76,148,168,7,591,41.0,14.9,97.2,3.21
2024-11-24,30,97.9,7.61,80.0,85,62,46,65,52,7,9566,2392,Rest / Mobility,32,0.0,81,102,2,26,41.1,15.6,97.7,2.45
2024-11-25,30,97.8,7.0,81.8,98,58,40,91,46,5,11157,3426,Weightlifting,72,0.0,118,162,9,745,41.0,16.1,97.8,2.65
2024-11-26,30,97.6,6.57,84.8,78,61,45,51,58,9,10800,2768,Recovery Ride,58,17.77,121,145,5,268,41.0,15.9,97.0,3.13
2024-11-27,30,97.8,6.31,73.8,86,58,54,86,60,5,9452,2561,Weightlifting,41,0.0,120,164,7,379,41.0,14.8,96.4,2.17
2024-11-28,30,97.9,5.78,82.9,77,58,47,80,62,8,12570,2707,Easy Run,54,6.88,133,162,4,232,41.0,16.9,96.1,3.22
2024-11-29,30,98.1,6.41,82.1,98,60,36,76,56,4,8868,3046,Weightlifting,50,0.0,117,166,9,570,41.1,16.0,96.5,2.78
2024-11-30,30,98.0,7.57,82.2,81,58,43,62,38,10,10140,3150,Intermediate Run,56,6.7,147,178,5,317,41.1,15.8,97.1,3.2
2024-12-01,30,98.4,6.01,73.3,72,61,42,48,74,8,10253,2497,Rest / Mobility,33,0.0,76,94,1,23,41.0,16.0,98.3,3.09
2024-12-02,30,98.5,6.79,71.0,86,56,51,83,37,6,11294,3232,Weightlifting,72,0.0,125,173,8,749,41.0,15.4,97.5,3.29
2024-12-03,30,98.5,5.82,82.0,67,58,39,53,73,7,9910,2618,Easy Run,31,4.07,142,163,6,185,41.1,16.0,97.0,2.68
2024-12-04,30,98.5,5.79,77.4,82,55,44,69,64,8,10421,3283,Weightlifting,73,0.0,114,152,6,509,41.1,16.4,96.6,3.02
2024-12-05,30,98.7,7.72,78.4,86,59,37,53,50,6,10799,3394,Tempo Run,52,6.98,162,190,9,636,41.0,15.6,97.0,3.75
2024-12-06,30,99.0,7.01,81.0,78,59,46,67,48,7,9764,3194,Weightlifting,70,0.0,108,143,7,578,41.0,15.7,96.9,2.52
2024-12-07,30,99.0,6.98,86.9,75,55,49,48,54,7,11219,2870,Intermediate Run,44,6.2,149,172,7,390,41.0,16.0,96.8,3.13
2024-12-08,30,99.0,6.93,82.7,84,60,30,70,62,8,7646,2551,Rest / Mobility,31,0.0,80,96,1,28,41.1,15.3,96.8,2.66
2024-12-09,30,99.0,6.72,80.5,89,58,52,99,43,6,11569,3201,Weightlifting,74,0.0,113,154,7,688,41.4,14.8,97.3,2.71
2024-12-10,30,98.8,6.59,70.0,69,59,49,67,55,8,7450,2659,Recovery Ride,37,11.06,120,143,4,150,41.3,15.0,97.3,2.88
2024-12-11,30,98.7,7.43,72.0,74,58,42,64,52,6,8903,3208,Weightlifting,53,0.0,108,153,7,478,41.3,16.2,96.1,3.03
2024-12-12,30,98.6,6.09,78.3,77,57,28,60,71,7,11539,3300,Tempo Run,39,4.85,161,188,7,324,41.3,16.1,97.0,2.85
2024-12-13,30,98.7,6.89,84.3,80,56,43,67,48,6,11088,2982,Weightlifting,73,0.0,108,157,6,462,41.3,15.8,97.4,3.04
2024-12-14,30,98.8,7.67,78.6,82,57,66,57,53,8,11836,2915,Intermediate Run,57,7.35,148,180,5,311,41.2,16.2,98.0,3.36
2024-12-15,30,98.7,7.83,71.5,94,59,49,76,49,8,8608,2448,Rest / Mobility,25,0.0,85,107,2,25,41.1,16.2,97.1,3.13
2024-12-16,30,98.6,6.16,79.0,85,53,44,63,49,4,10420,3075,Weightlifting,52,0.0,125,163,7,409,41.1,16.3,97.9,2.33
2024-12-17,30,98.3,5.99,84.0,72,56,48,73,86,6,11383,3097,Intermediate Run,59,6.7,147,170,7,528,41.0,15.4,97.5,3.39
2024-12-18,30,98.4,6.09,81.8,80,60,55,70,51,9,9173,2754,Easy Run,35,4.29,131,163,4,167,41.0,16.1,97.9,2.69
2024-12-19,30,98.4,6.35,78.9,87,60,45,70,58,8,10639,2791,Intermediate Run,50,5.87,149,182,6,399,41.0,15.5,97.7,3.34
2024-12-20,30,98.2,6.29,84.7,73,59,37,58,47,6,9662,2973,Weightlifting,46,0.0,112,149,8,475,41.1,15.9,97.2,2.83
2024-12-21,30,98.1,6.68,75.9,78,60,28,59,57,8,14193,3785,Long Run,86,11.28,136,162,7,712,41.0,15.2,96.9,3.57
2024-12-22,30,98.2,6.11,80.6,57,57,40,65,59,3,10719,2553,Recovery Ride,45,16.84,126,155,3,115,41.0,15.6,97.4,2.2
2024-12-23,30,98.4,7.04,71.7,81,54,44,68,54,6,10098,3425,Weightlifting,61,0.0,126,164,9,675,41.0,15.3,96.4,2.58
2024-12-24,30,98.3,5.76,72.9,58,58,46,56,87,4,13911,3025,Intermediate Run,54,7.79,152,178,6,385,41.0,15.3,96.8,3.36
2024-12-25,30,98.3,6.45,85.3,69,56,25,51,62,7,7138,2922,Weightlifting,46,0.0,107,139,8,404,41.0,14.9,97.5,2.95
2024-12-26,30,98.2,5.79,76.5,77,59,35,64,50,9,12006,2724,Intermediate Run,43,5.39,145,177,6,343,41.0,16.2,96.9,3.08
2024-12-27,30,98.4,6.79,76.6,66,57,33,56,48,8,7974,2569,Weightlifting,40,0.0,110,158,7,336,41.0,15.5,97.5,2.87
2024-12-28,30,98.3,6.31,75.4,78,58,48,58,60,10,9880,2846,Intermediate Run,38,4.89,140,166,7,322,41.0,15.6,96.8,3.27
2024-12-29,30,98.2,6.57,71.8,90,59,31,70,61,9,9271,3008,Weightlifting,59,0.0,124,155,7,467,41.0,16.2,97.8,2.51
2024-12-30,30,98.3,6.42,81.8,84,57,27,69,63,8,8979,2939,Weightlifting,48,0.0,117,149,8,471,41.0,15.7,97.9,2.79
2024-12-31,30,98.3,7.34,77.6,81,58,51,87,61,8,10526,2886,Intermediate Run,48,6.63,152,179,7,441,41.0,14.3,97.5,3.16
2025-01-01,30,98.4,6.21,83.6,74,63,46,49,60,6,9976,2741,Easy Run,51,6.76,128,154,5,269,41.0,16.5,97.5,2.13
2025-01-02,30,98.5,6.9,73.2,64,58,41,55,65,8,10317,2765,Intermediate Run,53,6.07,151,179,7,416,41.0,16.3,96.4,3.24
2025-01-03,30,98.4,6.03,75.2,79,57,35,59,72,7,10002,2909,Weightlifting,50,0.0,112,156,8,421,41.1,15.6,97.8,2.84
2025-01-04,30,98.8,8.07,73.2,83,56,50,85,72,10,11214,3105,Intermediate Run,53,6.87,152,180,6,417,41.1,15.4,96.3,3.08
2025-01-05,30,98.8,6.15,80.5,75,60,42,48,62,8,9456,2480,Rest / Mobility,36,0.0,85,104,1,27,41.0,16.1,96.6,2.89
2025-01-06,30,98.7,6.91,85.1,97,58,37,81,50,6,9747,3045,Weightlifting,69,0.0,122,160,5,401,41.1,14.9,96.2,2.77
2025-01-07,30,98.7,7.49,83.6,97,59,52,72,51,4,10734,2772,Intermediate Run,35,4.89,146,168,5,214,41.1,16.5,96.8,3.57
2025-01-08,30,98.5,5.63,82.4,78,57,51,65,58,6,12868,3279,Weightlifting,74,0.0,103,133,8,619,41.1,15.6,97.3,3.24
2025-01-09,30,98.2,6.8,87.3,84,59,38,44,57,7,11186,3271,Tempo Run,39,5.87,161,189,8,381,41.0,15.5,97.0,3.29
2025-01-10,30,98.6,6.39,80.1,85,57,45,63,68,7,10107,2923,Recovery Ride,59,18.52,135,155,5,314,41.0,15.2,97.5,3.0
2025-01-11,30,98.6,7.12,75.7,63,62,48,35,51,9,12648,2618,Easy Run,47,5.72,130,159,4,216,41.0,16.1,97.0,3.66
2025-01-12,30,98.7,6.25,83.6,81,62,37,66,53,7,8863,3079,Recovery Ride,64,23.33,135,159,5,302,41.1,15.4,96.4,2.38
2025-01-13,30,98.6,7.81,78.7,83,65,32,69,58,9,11422,3083,Weightlifting,69,0.0,113,145,7,520,41.0,15.4,96.6,3.03
2025-01-14,30,98.5,5.62,84.8,68,56,41,57,49,8,9809,2598,Easy Run,31,4.16,139,166,4,120,41.0,16.6,97.4,2.78
2025-01-15,30,98.3,6.43,77.4,84,57,40,48,69,7,9547,2747,Weightlifting,42,0.0,116,163,5,229,41.1,16.7,97.2,2.63
2025-01-16,30,97.9,6.21,80.8,79,60,27,61,77,7,11628,2780,Intermediate Run,49,5.85,141,173,5,271,41.1,15.4,96.5,2.94
2025-01-17,30,97.7,6.36,78.7,87,58,38,69,66,9,10046,2635,Easy Run,53,6.75,136,157,5,308,41.1,15.7,97.3,2.68
2025-01-18,30,97.8,6.89,76.6,83,59,34,68,47,9,10657,2959,Recovery Ride,68,19.56,127,149,3,201,41.1,15.5,96.6,2.68
2025-01-19,30,97.8,6.71,81.1,77,56,43,61,65,7,6621,2421,Rest / Mobility,25,0.0,85,105,2,11,41.1,14.7,98.1,2.97
2025-01-20,30,97.8,5.95,83.6,85,56,55,62,48,6,8673,3208,Weightlifting,62,0.0,121,171,8,626,41.3,15.2,97.6,3.63
2025-01-21,30,97.8,5.55,70.0,67,59,40,55,88,7,13562,2947,Intermediate Run,48,6.06,142,168,5,300,41.2,15.3,97.3,3.33
2025-01-22,30,97.7,6.52,70.0,75,65,40,73,73,7,8590,2907,Weightlifting,54,0.0,111,161,6,401,41.2,14.3,97.5,2.61
2025-01-23,30,97.7,6.46,79.8,70,61,38,42,59,8,12809,2873,Recovery Walk,65,5.22,97,120,4,218,41.1,16.4,97.0,3.21
2025-01-24,30,98.2,6.21,70.0,88,56,38,76,51,5,9069,2941,Weightlifting,55,0.0,109,144,7,472,41.0,16.0,96.9,2.16
2025-01-25,30,98.4,6.82,76.1,82,56,31,50,38,7,8277,2735,Recovery Ride,58,15.41,124,142,4,219,41.0,15.3,97.7,3.04
2025-01-26,30,98.1,6.36,75.2,75,57,39,56,63,7,6304,2408,Rest / Mobility,21,0.0,74,89,1,25,41.0,16.3,96.6,2.58
2025-01-27,30,98.2,5.28,87.5,88,54,36,92,53,4,8180,2889,Weightlifting,53,0.0,111,149,5,294,41.0,15.2,97.1,2.11
2025-01-28,30,98.2,6.99,70.6,88,59,51,72,35,8,12790,2678,Intermediate Run,41,6.09,138,170,6,333,41.0,15.1,96.9,3.52
2025-01-29,30,98.2,6.72,78.1,89,59,40,64,66,4,10103,2844,Weightlifting,53,0.0,113,149,9,538,41.1,15.0,97.8,3.13
2025-01-30,30,98.4,5.97,81.9,74,61,46,52,56,8,12958,3118,Intermediate Run,49,6.44,143,167,6,342,41.0,16.6,97.3,2.34
2025-01-31,30,98.4,5.71,82.4,75,55,46,71,59,8,9956,2709,Recovery Ride,41,15.85,133,163,4,176,41.0,14.8,97.2,2.32
2025-02-01,30,98.6,7.16,77.9,91,58,59,67,76,7,14335,3479,Long Run,78,8.65,132,160,6,616,41.1,16.4,97.2,2.67
2025-02-02,30,98.9,7.23,78.5,82,54,46,61,71,8,9116,2664,Rest / Mobility,37,0.0,85,101,1,16,41.2,15.9,96.6,2.98
2025-02-03,30,99.0,6.36,77.4,89,57,47,83,55,4,11246,3121,Weightlifting,61,0.0,108,149,9,706,41.1,15.7,97.4,3.08
2025-02-04,30,99.0,5.83,75.3,59,57,41,58,60,5,13288,3033,Intermediate Run,55,8.13,143,167,6,434,41.0,15.2,97.1,3.55
2025-02-05,30,99.0,5.97,89.4,78,58,50,67,66,10,9176,3104,Weightlifting,71,0.0,116,149,7,531,41.0,15.5,97.2,2.8
2025-02-06,30,99.0,5.54,76.4,72,57,31,61,73,5,11122,3371,Tempo Run,50,6.37,164,190,9,620,41.1,16.1,97.6,3.44
2025-02-07,30,99.0,6.21,78.5,82,56,35,81,71,6,12410,2824,Weightlifting,44,0.0,128,177,5,272,41.2,15.8,97.9,3.2
2025-02-08,30,98.7,6.72,82.1,80,64,44,63,51,9,12518,3071,Intermediate Run,55,6.56,149,171,5,313,41.2,15.4,97.4,3.45
2025-02-09,30,98.6,6.27,72.1,70,56,53,74,64,9,7602,2351,Rest / Mobility,21,0.0,87,109,2,10,41.0,15.6,97.0,2.95
2025-02-10,30,98.6,6.93,79.9,89,56,45,82,45,6,9319,2676,Weightlifting,40,0.0,118,164,8,338,41.0,15.1,96.9,2.98
2025-02-11,30,98.7,7.02,90.2,79,60,36,76,46,8,11617,2814,Intermediate Run,43,5.65,142,162,7,394,41.0,15.5,96.6,2.84
2025-02-12,30,98.6,6.38,79.2,72,59,55,52,71,9,9876,2896,Weightlifting,51,0.0,105,136,9,484,41.1,14.8,97.3,2.61
2025-02-13,30,98.6,5.81,83.9,69,59,50,53,63,8,9436,2743,Easy Run,46,5.41,137,159,5,212,41.0,16.0,97.0,3.39
2025-02-14,30,98.8,7.48,74.1,81,57,48,71,55,5,9185,3307,Weightlifting,65,0.0,115,162,6,514,41.0,14.8,97.2,2.93
2025-02-15,30,98.8,6.35,84.2,75,58,46,53,62,7,13969,3147,Intermediate Run,56,8.01,139,169,7,500,41.0,15.8,97.0,2.69
2025-02-16,30,98.6,7.22,77.0,67,63,42,49,60,9,9369,2108,Rest / Mobility,32,0.0,84,104,2,11,41.0,16.3,97.7,2.89
2025-02-17,30,98.5,6.51,73.2,84,56,44,67,44,9,9674,2909,Weightlifting,50,0.0,103,147,8,487,41.0,14.7,98.0,3.55
2025-02-18,30,98.5,6.98,79.1,75,56,35,46,58,6,12785,2721,Intermediate Run,38,5.54,152,172,5,215,41.0,16.4,97.7,3.06
2025-02-19,30,98.4,6.26,71.4,81,60,37,70,58,6,10542,3118,Weightlifting,70,0.0,110,139,5,428,41.0,15.5,97.6,2.03
2025-02-20,30,98.3,6.32,73.8,84,61,37,74,66,9,12082,2821,Intermediate Run,52,6.89,138,160,6,338,41.2,16.2,96.8,2.56
2025-02-21,30,98.3,5.23,85.4,64,56,40,68,73,7,10825,3048,Weightlifting,49,0.0,126,176,8,496,41.2,15.3,97.2,3.01
2025-02-22,30,98.3,6.49,82.2,76,56,39,64,68,7,13027,2858,Intermediate Run,53,6.34,151,184,6,399,41.2,15.7,97.2,2.73
2025-02-23,30,98.1,6.35,73.3,80,62,40,64,74,8,7803,2377,Rest / Mobility,32,0.0,76,100,1,26,41.1,15.0,97.5,3.05
2025-02-24,30,98.3,6.45,73.0,93,60,31,89,48,7,11499,3262,Weightlifting,62,0.0,102,134,8,552,41.0,15.4,97.1,2.88
2025-02-25,30,98.2,6.83,90.1,76,61,41,75,58,7,13560,2908,Intermediate Run,54,7.6,147,173,6,352,41.0,15.4,96.4,3.61
2025-02-26,30,98.2,7.17,71.7,78,58,41,65,63,6,11081,3186,Weightlifting,68,0.0,117,152,7,563,41.0,15.6,96.7,2.95
2025-02-27,30,98.6,6.48,76.3,82,56,37,96,51,6,8916,3077,Tempo Run,47,6.45,159,187,9,532,41.0,14.5,97.0,3.41
2025-02-28,30,98.6,6.93,84.1,75,60,53,80,56,3,11279,2656,Recovery Ride,50,18.56,120,142,3,141,41.1,15.4,97.0,2.61
2025-03-01,30,98.6,7.51,83.0,94,58,50,99,35,5,16386,3929,Long Run,95,10.01,143,167,7,804,41.0,15.5,97.9,3.11
2025-03-02,30,98.5,5.62,78.5,52,57,35,52,65,5,8570,2477,Rest / Mobility,29,0.0,86,103,2,13,41.0,14.8,97.3,3.21
2025-03-03,30,98.3,7.28,79.4,95,57,47,84,52,3,10169,2918,Weightlifting,48,0.0,103,137,8,456,41.2,15.7,96.8,3.02
2025-03-04,30,97.8,5.81,74.4,80,59,38,71,56,10,9772,2884,Intermediate Run,48,5.48,139,164,7,369,41.1,15.4,96.8,3.62
2025-03-05,30,97.7,6.26,71.8,73,60,47,42,60,5,7896,3087,Weightlifting,60,0.0,114,142,7,475,41.0,16.1,96.7,3.22
2025-03-06,30,97.5,6.29,83.4,68,57,30,47,50,9,12593,3219,Weightlifting,75,0.0,109,155,9,710,41.0,15.7,96.9,2.91
2025-03-07,30,97.7,6.89,74.3,69,60,37,58,55,8,9287,2916,Weightlifting,48,0.0,110,147,7,383,41.0,14.6,97.4,2.07
2025-03-08,30,97.5,7.07,70.0,73,58,48,86,55,6,12176,2669,Intermediate Run,48,5.81,142,169,5,285,41.1,16.4,97.2,3.29
2025-03-09,30,97.7,6.9,83.5,92,58,39,88,47,7,7432,2672,Rest / Mobility,40,0.0,87,108,1,24,41.2,16.2,97.0,2.42
2025-03-10,30,97.7,7.57,86.4,93,55,52,74,61,5,10378,2929,Weightlifting,46,0.0,105,143,5,304,41.2,15.3,97.1,1.95
2025-03-11,30,97.5,6.72,78.3,83,57,40,77,58,9,11270,2799,Intermediate Run,54,6.76,151,176,6,383,41.3,15.0,97.6,3.59
2025-03-12,30,97.7,6.59,70.0,64,58,43,50,45,6,8683,2997,Weightlifting,48,0.0,111,149,9,550,41.3,15.9,97.1,3.04
2025-03-13,30,98.0,5.67,78.0,77,60,54,61,76,7,11387,2977,Intermediate Run,45,5.27,144,169,6,342,41.3,15.6,97.5,3.67
2025-03-14,30,98.0,6.37,71.9,91,58,44,86,55,5,9682,3404,Weightlifting,71,0.0,119,155,7,574,41.3,14.6,97.0,2.99
2025-03-15,30,97.9,6.75,85.7,75,57,44,60,48,10,8481,3125,Recovery Ride,60,18.72,136,157,5,329,41.2,14.6,97.8,2.93
2025-03-16,30,98.1,5.98,78.8,83,60,42,51,55,7,11280,2565,Rest / Mobility,37,0.0,72,95,2,16,41.1,15.7,97.5,2.62
2025-03-17,30,98.2,6.59,85.9,98,54,46,59,55,6,10570,3119,Weightlifting,68,0.0,126,164,5,434,41.3,15.0,96.2,2.89
2025-03-18,30,98.5,5.58,80.8,69,57,36,54,68,6,10306,2784,Recovery Ride,66,18.06,127,148,4,267,41.2,15.6,96.6,3.01
2025-03-19,30,98.3,7.43,81.3,80,61,44,69,53,6,10806,3290,Weightlifting,64,0.0,104,146,9,674,41.3,15.3,98.0,3.02
2025-03-20,30,98.2,6.9,75.3,79,53,37,56,47,7,11784,3392,Tempo Run,51,8.0,163,187,9,526,41.3,16.0,97.2,3.29
2025-03-21,30,98.1,6.87,78.7,71,57,38,56,61,8,9683,2981,Weightlifting,74,0.0,121,169,5,386,41.2,15.6,97.2,2.88
2025-03-22,30,98.1,6.95,75.0,78,60,46,54,67,9,10380,2869,Intermediate Run,56,6.96,148,177,5,342,41.0,15.2,97.7,2.75
2025-03-23,30,98.3,6.05,76.4,76,62,40,74,75,9,10993,2603,Rest / Mobility,40,0.0,84,108,2,23,41.0,14.6,97.4,3.0
2025-03-24,30,98.1,6.8,84.6,93,53,40,89,49,6,8593,2919,Weightlifting,46,0.0,101,133,7,360,41.0,16.5,98.0,2.53
2025-03-25,30,97.9,6.72,82.6,83,65,34,51,55,5,11112,2873,Intermediate Run,52,6.93,147,170,6,368,41.0,15.1,96.7,2.63
2025-03-26,30,97.9,6.93,74.7,78,59,27,41,61,7,13620,2819,Weightlifting,72,0.0,106,145,5,411,41.0,15.7,97.5,3.62
2025-03-27,30,98.1,6.67,89.2,83,62,37,68,59,4,11433,2673,Intermediate Run,37,4.24,149,171,6,260,41.0,15.0,97.5,2.74
2025-03-28,30,98.0,7.1,78.5,85,58,48,66,66,5,9276,2937,Weightlifting,53,0.0,117,161,7,434,41.1,16.0,97.1,2.52
2025-03-29,30,97.8,7.46,86.2,96,58,52,69,48,4,13904,3427,Long Run,83,10.4,145,169,6,614,41.2,15.2,97.1,3.74
2025-03-30,30,98.1,6.93,71.3,68,54,31,59,40,5,10518,2626,Easy Run,30,4.06,129,157,4,141,41.1,15.3,98.1,2.9
2025-03-31,30,98.3,6.23,72.5,82,57,43,74,50,4,9481,3040,Weightlifting,55,0.0,117,151,9,541,41.0,15.6,96.6,2.94
2025-04-01,30,98.2,6.09,75.7,84,57,62,74,63,8,9394,2796,Intermediate Run,49,5.84,144,174,5,279,41.0,15.1,96.6,4.04
2025-04-02,30,98.4,7.37,79.3,84,57,49,61,73,10,10393,3164,Weightlifting,65,0.0,102,153,9,742,41.0,15.6,97.6,2.99
2025-04-03,30,98.4,6.66,81.8,63,58,32,44,64,7,10543,2886,Recovery Ride,62,19.6,124,145,4,257,41.0,14.7,97.2,3.04
2025-04-04,30,98.3,5.99,71.1,88,57,42,82,88,5,11330,2566,Easy Run,48,5.43,131,154,5,230,41.0,15.2,96.9,3.06
2025-04-05,30,98.5,7.21,78.8,89,58,39,76,46,6,13966,3561,Long Run,62,6.77,146,173,8,610,41.0,15.1,96.1,2.85
2025-04-06,30,98.5,5.98,73.1,86,62,42,73,57,7,8139,2316,Rest / Mobility,32,0.0,75,92,2,24,41.0,14.5,96.5,2.65
2025-04-07,30,98.7,6.16,84.7,90,57,54,82,69,5,10987,2761,Weightlifting,51,0.0,127,177,7,467,41.1,14.6,97.0,2.75
2025-04-08,30,98.7,7.04,70.0,83,58,48,55,68,6,15260,2940,Intermediate Run,56,6.46,139,162,6,374,41.2,15.1,96.2,2.92
2025-04-09,30,98.7,7.05,79.7,85,58,44,75,52,7,11061,3128,Weightlifting,49,0.0,117,158,8,471,41.4,16.1,96.6,2.88
2025-04-10,30,98.4,6.45,80.1,83,62,27,55,72,7,11353,3310,Tempo Run,48,6.12,160,186,9,590,41.6,14.9,96.8,2.91
2025-04-11,30,98.1,6.76,83.3,83,61,37,66,66,6,11014,2781,Easy Run,47,5.41,135,155,4,186,41.6,15.8,97.5,2.9
2025-04-12,30,98.1,7.15,87.0,98,61,55,84,56,8,15903,3663,Long Run,83,10.1,142,161,7,695,41.6,15.4,97.4,3.41
2025-04-13,30,98.0,7.82,70.4,73,59,51,65,59,5,10441,3524,Weightlifting,72,0.0,122,165,8,698,41.6,15.8,96.4,2.5
2025-04-14,30,98.0,7.11,70.6,66,54,36,63,53,8,9754,2894,Weightlifting,68,0.0,117,150,5,396,41.5,16.1,96.8,2.37
2025-04-15,30,98.1,6.97,80.5,89,59,43,56,55,8,10755,2667,Easy Run,39,4.33,133,159,5,185,41.4,16.0,97.9,3.83
2025-04-16,30,98.2,5.92,76.6,77,62,26,76,54,5,12205,3057,Weightlifting,71,0.0,119,163,5,421,41.6,16.0,97.8,3.31
2025-04-17,30,98.5,6.63,84.7,74,57,40,40,61,5,13149,2943,Intermediate Run,52,7.43,143,171,5,332,41.5,16.1,96.9,3.17
2025-04-18,30,98.2,5.5,92.1,77,57,31,62,64,7,7164,2928,Weightlifting,53,0.0,115,146,6,350,41.5,16.0,96.9,2.8
2025-04-19,30,98.0,6.15,79.3,86,57,51,66,78,7,10801,2979,Recovery Ride,63,18.56,120,145,3,197,41.5,16.0,96.9,2.86
2025-04-20,30,97.9,5.63,78.6,81,59,53,66,63,8,8096,2641,Rest / Mobility,38,0.0,83,108,2,15,41.5,15.4,97.4,2.93
2025-04-21,30,98.0,5.0,81.3,79,54,47,71,70,2,10372,2817,Weightlifting,48,0.0,126,161,6,364,41.4,15.1,97.5,3.38
2025-04-22,30,98.3,5.3,84.3,68,57,39,60,65,9,12597,2783,Easy Run,47,5.57,131,154,6,278,41.4,15.2,97.1,2.68
2025-04-23,30,98.2,6.17,77.3,77,60,53,67,72,5,10502,3213,Weightlifting,72,0.0,123,154,6,560,41.4,15.2,97.3,2.75
2025-04-24,30,98.3,6.82,70.0,89,58,26,75,59,8,12065,2347,Easy Run,31,4.33,130,159,4,120,41.4,16.0,97.3,3.5
2025-04-25,30,98.2,6.59,79.8,92,56,31,79,59,8,10111,3130,Weightlifting,60,0.0,127,163,8,565,41.3,16.1,98.4,2.46
2025-04-26,30,98.2,7.0,75.5,87,56,28,83,37,7,13612,3534,Long Run,72,8.78,143,169,6,557,41.3,15.6,96.6,4.24
2025-04-27,30,98.1,6.12,86.9,76,60,37,76,60,7,10098,2773,Easy Run,42,5.27,134,163,5,217,41.2,15.1,97.5,2.57
2025-04-28,30,98.1,6.09,77.9,79,54,31,69,55,8,8198,2995,Weightlifting,40,0.0,126,177,5,246,41.2,16.0,98.0,3.24
2025-04-29,30,98.1,7.53,78.6,90,62,41,67,64,8,11789,3186,Intermediate Run,56,7.72,151,172,7,469,41.3,15.2,96.3,3.21
2025-04-30,30,98.3,6.05,73.2,72,58,48,52,75,10,10616,2704,Recovery Ride,48,16.04,128,150,4,189,41.4,16.3,96.6,2.89
2025-05-01,30,98.2,5.0,75.3,68,56,43,53,60,5,11956,2849,Intermediate Run,50,7.08,152,182,5,272,41.3,16.2,96.8,2.9
2025-05-02,30,98.0,5.0,83.6,83,56,35,64,61,7,11791,2894,Weightlifting,69,0.0,102,133,6,476,41.4,15.0,97.9,2.22
2025-05-03,30,98.1,7.04,77.9,76,59,46,70,68,8,13054,2848,Intermediate Run,48,5.67,149,183,5,315,41.6,15.4,98.6,2.67
2025-05-04,30,98.0,6.86,78.3,69,59,52,52,62,8,6799,2582,Rest / Mobility,28,0.0,74,96,2,18,41.5,15.4,96.6,2.58
2025-05-05,30,98.1,6.11,81.2,84,60,58,81,58,5,8658,2896,Weightlifting,45,0.0,112,162,6,286,41.6,16.4,96.9,2.48
2025-05-06,30,98.2,6.86,87.1,82,56,38,70,59,7,12916,3061,Intermediate Run,58,8.0,141,167,7,453,41.6,15.9,98.1,2.48
2025-05-07,30,98.2,6.95,80.5,78,57,40,68,55,7,9590,2917,Weightlifting,53,0.0,117,147,6,379,41.5,16.1,97.8,3.05
2025-05-08,30,98.1,5.43,85.4,75,59,53,56,71,8,9214,3363,Tempo Run,49,5.9,161,184,7,477,41.5,15.2,98.0,3.09
2025-05-09,30,98.1,7.02,79.0,78,59,61,47,64,5,10815,2614,Weightlifting,48,0.0,117,147,6,326,41.4,15.5,96.9,2.89
2025-05-10,30,98.0,6.99,76.9,74,59,30,62,45,8,10668,3352,Long Run,61,6.32,143,165,6,444,41.4,15.4,97.3,2.83
2025-05-11,30,98.1,7.66,92.5,88,60,28,87,63,6,12775,2711,Easy Run,50,6.99,130,149,6,320,41.3,15.5,96.9,3.33
2025-05-12,30,98.0,5.86,74.0,80,57,32,60,63,5,9244,2948,Weightlifting,50,0.0,116,155,6,360,41.3,16.8,96.7,2.5
2025-05-13,30,98.1,6.96,77.0,72,61,42,77,37,8,11005,2734,Intermediate Run,48,6.46,145,178,5,266,41.2,15.4,97.0,3.82
2025-05-14,30,98.0,6.09,84.6,83,59,49,66,55,6,6166,2891,Weightlifting,47,0.0,120,171,8,427,41.4,15.0,96.9,2.9
2025-05-15,30,98.4,7.39,79.1,88,59,37,50,58,7,10057,2897,Tempo Run,39,5.07,160,179,7,351,41.4,15.4,98.0,2.87
2025-05-16,30,98.6,6.7,87.4,81,53,48,77,45,7,8647,2693,Weightlifting,58,0.0,125,176,5,370,41.4,15.6,96.7,3.06
2025-05-17,30,98.6,7.38,81.6,85,58,38,59,53,5,15208,3751,Long Run,74,7.93,148,169,8,730,41.5,15.5,97.4,2.89
2025-05-18,30,98.8,6.95,78.6,66,60,56,59,75,4,6753,2378,Rest / Mobility,27,0.0,87,105,1,17,41.4,16.1,97.3,2.5
2025-05-19,30,98.8,5.93,77.0,94,57,56,66,47,3,13315,2994,Weightlifting,71,0.0,121,169,5,428,41.4,14.7,96.8,3.31
2025-05-20,30,98.6,5.67,70.0,69,57,31,69,70,8,10650,2800,Recovery Ride,55,14.98,136,160,4,217,41.4,16.0,96.7,3.63
2025-05-21,30,98.5,5.97,81.5,74,58,54,55,48,5,10431,3102,Weightlifting,70,0.0,126,156,5,418,41.4,15.8,97.1,3.25
2025-05-22,30,98.5,6.04,74.0,69,58,42,60,29,7,9209,2803,Intermediate Run,41,4.58,138,170,6,299,41.5,16.5,96.6,3.01
2025-05-23,30,98.3,6.0,76.0,71,57,64,68,72,7,12465,3559,Weightlifting,72,0.0,126,167,8,704,41.6,15.8,97.7,2.34
2025-05-24,30,98.0,6.46,73.0,67,62,28,35,61,7,10098,2569,Easy Run,47,5.93,130,152,4,186,41.7,16.1,96.8,3.15
2025-05-25,30,98.0,7.3,76.6,86,60,51,67,70,4,8505,2508,Rest / Mobility,26,0.0,76,96,2,22,41.7,15.2,97.8,3.17
2025-05-26,30,98.0,7.18,78.2,93,55,55,91,24,5,8398,2807,Weightlifting,44,0.0,110,161,8,450,41.4,14.5,97.0,2.8
2025-05-27,30,97.9,6.73,74.5,75,62,50,71,54,9,10252,2713,Easy Run,37,4.17,139,158,5,200,41.5,15.5,97.3,3.07
2025-05-28,30,98.2,7.24,83.7,78,60,49,74,46,6,8282,2644,Weightlifting,43,0.0,110,160,6,277,41.5,15.2,97.0,3.25
2025-05-29,30,98.5,6.62,71.8,78,59,53,71,53,10,10290,3274,Tempo Run,35,4.43,155,181,9,426,41.5,15.0,97.0,3.05
2025-05-30,30,99.0,5.65,72.1,59,59,44,65,66,6,10527,2661,Easy Run,35,4.24,134,163,4,158,41.5,15.7,96.3,2.9
2025-05-31,30,99.0,7.08,77.8,82,60,45,60,70,7,11530,3041,Intermediate Run,60,7.63,146,167,6,461,41.6,16.4,97.1,3.41
2025-06-01,30,99.0,6.76,73.7,93,56,32,89,65,5,8202,2503,Rest / Mobility,22,0.0,87,106,2,11,41.5,16.4,97.1,3.11
2025-06-02,30,99.0,7.29,82.0,95,56,61,91,52,3,14663,3218,Weightlifting,71,0.0,119,153,7,554,41.5,14.5,97.2,2.82
2025-06-03,30,98.8,6.47,79.0,70,58,51,59,53,6,9668,2699,Weightlifting,47,0.0,109,160,9,434,41.4,15.7,97.7,2.99
2025-06-04,30,98.8,5.98,75.1,67,59,41,50,66,10,7997,2595,Recovery Ride,35,10.21,133,156,4,151,41.4,14.6,97.4,3.47
2025-06-05,30,98.8,6.52,75.6,76,58,44,69,68,6,10589,2601,Intermediate Run,36,4.76,152,183,7,319,41.4,16.2,97.7,3.25
2025-06-06,30,98.7,6.33,82.2,84,58,44,61,67,7,9700,3158,Weightlifting,55,0.0,115,166,7,425,41.5,15.4,97.1,2.8
2025-06-07,30,98.5,7.5,74.0,82,57,40,88,54,8,7789,2824,Intermediate Run,46,5.28,147,182,5,263,41.4,15.1,96.7,3.34
2025-06-08,30,98.8,7.82,79.2,79,57,39,55,64,8,9787,3046,Easy Run,42,4.71,140,171,5,237,41.6,16.0,97.9,2.5
2025-06-09,30,99.0,6.25,75.5,81,57,45,54,59,9,10026,2710,Weightlifting,45,0.0,119,161,5,253,41.5,15.7,97.4,2.88
2025-06-10,30,98.8,6.53,83.8,74,56,27,56,72,8,10991,3132,Intermediate Run,60,7.33,147,170,6,421,41.5,15.4,96.4,2.68
2025-06-11,30,98.8,6.4,78.9,75,60,49,66,66,6,10978,2852,Easy Run,53,7.26,133,153,4,250,41.4,15.4,97.1,3.09
2025-06-12,30,99.0,7.16,84.4,78,61,40,71,49,7,13352,2856,Intermediate Run,52,6.44,151,182,5,350,41.4,14.8,97.4,3.26
2025-06-13,30,99.0,6.91,70.0,96,62,40,59,61,5,12110,3079,Weightlifting,64,0.0,125,176,7,478,41.5,15.9,96.7,3.06
2025-06-14,30,99.0,5.91,83.4,72,56,53,81,63,10,14132,3475,Long Run,70,8.03,133,153,8,670,41.4,15.4,96.8,3.18
2025-06-15,30,98.8,6.44,83.7,70,58,51,74,66,6,7897,2204,Rest / Mobility,27,0.0,88,106,2,24,41.4,15.7,97.3,2.72
2025-06-16,30,98.8,6.12,78.4,86,61,51,66,57,5,10414,2823,Weightlifting,45,0.0,119,151,9,437,41.6,15.6,97.9,3.01
2025-06-17,30,98.8,7.66,80.1,78,62,59,64,52,7,11004,2827,Easy Run,48,6.1,139,167,4,186,41.7,16.3,97.4,3.4
2025-06-18,30,98.7,6.29,80.8,81,58,40,81,54,6,9119,2614,Weightlifting,56,0.0,111,152,7,443,41.6,16.2,95.9,3.64
2025-06-19,30,98.4,6.36,72.8,75,55,43,58,74,10,10344,2985,Intermediate Run,37,5.47,140,172,7,284,41.5,15.5,98.1,3.42
2025-06-20,30,98.2,6.33,77.6,69,61,50,65,55,6,10693,3129,Weightlifting,68,0.0,116,154,8,576,41.4,15.7,96.6,2.45
2025-06-21,30,98.4,6.95,78.9,75,59,34,63,59,5,12356,2985,Intermediate Run,59,6.98,142,169,6,462,41.4,15.1,97.2,3.5
2025-06-22,30,98.6,7.21,81.9,77,57,26,65,56,8,8898,2240,Rest / Mobility,29,0.0,73,88,2,14,41.3,16.4,96.8,3.03
2025-06-23,30,98.8,6.79,71.3,87,57,45,65,58,5,9847,2861,Weightlifting,45,0.0,123,159,7,363,41.4,15.3,98.6,2.73
2025-06-24,30,98.5,5.12,75.1,66,54,33,35,67,9,9517,2705,Intermediate Run,44,5.3,140,160,6,338,41.2,15.9,96.6,3.54
2025-06-25,30,98.7,6.35,73.4,79,58,42,77,50,7,11656,3333,Weightlifting,75,0.0,109,140,8,639,41.1,15.4,97.6,2.9
2025-06-26,30,98.6,6.29,81.4,74,63,30,60,53,9,8936,2923,Weightlifting,47,0.0,102,131,6,294,41.0,15.8,96.8,2.58
2025-06-27,30,98.6,6.43,81.6,92,59,38,80,55,7,11548,2916,Weightlifting,65,0.0,112,162,5,392,41.0,16.1,96.9,2.37
2025-06-28,30,98.8,6.61,82.9,85,59,28,99,75,9,9504,2683,Intermediate Run,37,4.1,139,162,7,312,41.0,15.6,96.9,2.89
2025-06-29,30,98.9,7.31,86.5,97,60,40,47,59,7,8868,2533,Rest / Mobility,30,0.0,75,87,2,11,41.1,15.7,96.5,2.95
2025-06-30,30,99.0,7.09,80.5,95,56,54,94,51,8,8788,2934,Weightlifting,50,0.0,119,161,8,480,41.1,15.1,95.5,3.67
2025-07-01,30,99.0,6.19,81.6,64,56,45,60,67,7,11115,2621,Intermediate Run,48,5.61,141,175,5,273,41.0,15.4,97.2,2.81
2025-07-02,30,98.7,5.53,83.3,80,60,50,61,61,10,8970,3141,Weightlifting,49,0.0,103,150,9,524,41.0,16.0,97.1,2.81
2025-07-03,30,98.7,6.87,83.1,72,62,35,62,58,7,15602,3242,Tempo Run,50,6.82,158,183,7,401,41.0,15.2,96.5,3.62
2025-07-04,30,99.0,6.21,73.2,61,56,43,66,72,7,11006,2974,Weightlifting,66,0.0,108,156,9,643,41.0,15.8,96.9,2.79
2025-07-05,30,99.0,6.58,82.7,66,57,49,40,69,7,10702,2993,Recovery Walk,64,5.75,96,123,4,232,41.0,15.0,97.3,3.01
2025-07-06,30,99.0,6.52,85.4,89,52,34,83,61,5,11103,2570,Rest / Mobility,35,0.0,83,104,2,22,41.1,14.6,97.1,2.68
2025-07-07,30,98.7,7.31,92.2,98,55,60,99,41,4,9575,3015,Weightlifting,57,0.0,106,135,7,498,41.3,15.6,97.7,2.95
2025-07-08,30,98.5,5.94,92.0,78,57,49,72,61,9,14369,3023,Intermediate Run,60,8.47,138,170,6,440,41.4,15.4,96.1,2.86
2025-07-09,30,98.3,7.35,77.7,80,59,41,64,67,7,10453,2640,Easy Run,35,3.96,133,155,6,240,41.3,16.2,97.3,3.15
2025-07-10,30,98.2,6.49,78.4,98,56,26,84,57,7,11284,3291,Tempo Run,36,5.42,152,180,8,362,41.4,16.3,96.4,3.35
2025-07-11,30,98.3,6.97,78.2,75,57,38,69,60,5,12226,2682,Easy Run,35,4.1,136,166,6,232,41.4,16.1,97.3,2.75
2025-07-12,30,98.4,6.49,74.0,82,53,41,66,47,5,16611,3895,Long Run,92,9.29,142,170,8,874,41.4,15.7,97.2,3.43
2025-07-13,30,98.6,5.89,86.7,68,57,32,61,62,9,11921,2812,Recovery Ride,66,22.58,123,148,3,172,41.4,15.2,97.6,2.78
2025-07-14,30,98.8,6.57,84.3,89,58,53,50,78,4,10402,2911,Weightlifting,54,0.0,102,146,8,448,41.3,15.6,97.1,2.68
2025-07-15,30,98.9,6.6,78.2,78,57,38,67,68,7,9839,2747,Easy Run,55,6.27,131,163,5,252,41.2,16.0,97.1,2.85
2025-07-16,30,99.0,6.02,78.1,74,60,40,63,64,7,8091,3064,Weightlifting,49,0.0,126,157,9,554,41.2,15.9,96.7,2.89
2025-07-17,30,99.0,5.97,81.8,87,57,45,54,67,6,9747,2825,Easy Run,41,5.38,138,165,4,164,41.2,15.0,97.5,2.93
2025-07-18,30,99.0,6.03,70.0,81,56,50,63,68,9,9036,3041,Weightlifting,50,0.0,125,166,8,482,41.2,15.3,97.1,2.48
2025-07-19,30,99.0,6.37,79.3,64,63,32,50,60,10,11980,2714,Easy Run,47,6.15,137,158,6,303,41.1,16.7,97.5,2.69
2025-07-20,30,98.9,7.39,73.6,83,57,34,76,61,9,7649,2247,Rest / Mobility,29,0.0,81,95,1,10,41.3,16.2,98.4,2.28
2025-07-21,30,98.7,6.47,86.2,85,55,54,74,58,6,10263,3110,Weightlifting,65,0.0,125,172,5,356,41.4,15.0,97.4,3.07
2025-07-22,30,98.4,6.31,79.5,74,56,28,51,58,8,14059,3186,Intermediate Run,60,8.92,141,171,7,461,41.4,15.4,96.7,3.5
2025-07-23,30,98.4,6.83,81.7,91,59,47,72,46,6,11012,3014,Weightlifting,71,0.0,105,144,5,394,41.5,15.7,98.1,2.9
2025-07-24,30,98.5,5.71,74.8,76,59,50,65,61,10,10525,2370,Easy Run,35,4.52,128,159,6,231,41.6,16.3,96.9,3.12
2025-07-25,30,98.5,6.45,84.7,87,60,29,64,64,7,7978,3097,Weightlifting,61,0.0,116,144,7,465,41.5,15.6,97.3,3.33
2025-07-26,30,98.2,6.79,75.4,66,60,40,61,75,5,14008,3448,Long Run,77,8.39,135,164,6,523,41.6,15.5,97.9,2.91
2025-07-27,30,97.9,6.58,76.3,82,56,45,64,53,10,5294,2358,Rest / Mobility,33,0.0,77,95,2,22,41.7,16.0,97.7,3.05
2025-07-28,30,98.0,6.28,82.6,89,57,45,65,44,7,12198,3111,Weightlifting,62,0.0,118,159,5,394,41.7,16.3,96.8,3.14
2025-07-29,30,98.2,6.56,76.8,84,60,37,56,57,10,10701,2804,Weightlifting,54,0.0,107,149,5,334,41.6,15.0,96.5,3.55
2025-07-30,30,98.3,7.33,74.6,91,59,44,55,37,7,8819,2775,Weightlifting,41,0.0,111,148,5,217,41.7,15.0,96.6,2.99
2025-07-31,30,98.1,5.8,76.8,89,59,43,96,51,9,11161,3284,Tempo Run,40,6.22,151,171,9,510,41.7,15.4,97.6,3.73
2025-08-01,30,98.1,7.06,86.3,80,61,40,75,59,7,12022,2935,Recovery Ride,65,24.03,131,159,3,195,41.5,14.7,96.6,3.05
2025-08-02,30,98.5,6.87,72.9,93,63,44,81,60,8,14145,3488,Long Run,82,8.65,134,158,6,673,41.4,15.6,97.6,3.11
2025-08-03,30,98.4,7.57,75.6,67,60,56,63,58,7,8250,2609,Rest / Mobility,37,0.0,80,102,2,19,41.3,15.1,97.1,3.4
2025-08-04,30,99.0,6.97,84.4,95,58,43,79,51,6,10670,3037,Weightlifting,55,0.0,104,134,8,534,41.4,15.2,97.1,3.01
2025-08-05,30,99.0,6.19,77.8,75,54,30,56,63,7,10996,2822,Easy Run,31,3.75,139,158,5,177,41.4,14.8,96.7,3.67
2025-08-06,30,98.9,6.06,78.0,78,54,40,73,67,8,11646,3208,Weightlifting,70,0.0,108,139,5,381,41.4,15.3,97.8,2.77
2025-08-07,30,99.0,6.97,72.0,71,60,42,55,67,8,11233,3213,Tempo Run,37,5.14,151,173,8,369,41.3,16.1,96.9,3.17
2025-08-08,30,99.0,5.68,76.8,81,61,41,60,73,9,9715,2548,Recovery Ride,40,14.36,130,150,4,171,41.3,15.0,97.2,2.49
2025-08-09,30,98.8,5.53,76.4,77,58,33,46,60,8,12227,2889,Intermediate Run,49,5.48,145,172,6,332,41.3,16.3,96.7,3.59
2025-08-10,30,98.8,5.58,74.2,72,60,48,61,68,7,7866,2389,Rest / Mobility,21,0.0,76,100,1,12,41.3,15.8,97.2,3.14
2025-08-11,30,98.7,6.73,86.2,93,56,52,64,46,7,11902,3307,Weightlifting,62,0.0,126,172,8,654,41.3,14.8,97.0,3.08
2025-08-12,30,98.6,6.43,75.8,61,62,47,44,67,8,10695,2869,Easy Run,47,5.26,138,169,6,289,41.2,15.9,96.8,3.05
2025-08-13,30,98.6,7.47,74.7,73,54,41,54,58,7,9461,3305,Weightlifting,70,0.0,120,155,8,621,41.1,14.6,97.3,2.34
2025-08-14,30,98.6,7.14,79.9,71,59,31,70,58,5,12824,2984,Intermediate Run,57,6.35,147,181,7,515,41.0,15.9,97.0,3.04
2025-08-15,30,98.7,5.25,76.6,74,58,56,66,69,7,8373,2785,Weightlifting,49,0.0,105,157,8,419,41.0,15.5,97.0,2.88
2025-08-16,30,98.8,7.82,81.2,88,56,47,71,58,6,13502,3425,Long Run,65,8.71,137,158,6,487,41.0,15.4,96.7,3.21
2025-08-17,30,98.9,6.21,74.4,71,59,41,63,77,6,9346,2551,Recovery Ride,47,19.72,122,149,4,174,41.0,16.1,98.0,2.3
2025-08-18,30,98.7,6.79,71.7,80,56,43,62,60,7,9811,2897,Weightlifting,44,0.0,104,144,9,453,41.2,16.0,97.1,2.55
2025-08-19,30,98.5,7.22,87.7,82,59,34,66,55,8,10299,2717,Intermediate Run,43,5.62,152,185,5,278,41.1,15.9,97.2,3.27
2025-08-20,30,98.4,7.02,72.7,79,61,40,70,56,7,12345,3265,Weightlifting,73,0.0,127,168,5,417,41.1,16.0,96.4,2.82
2025-08-21,30,98.6,6.22,85.9,73,62,49,52,64,8,12796,2834,Intermediate Run,53,7.07,139,173,5,323,41.1,15.5,97.0,3.37
2025-08-22,30,98.8,7.36,75.1,79,62,39,81,65,7,9608,3163,Weightlifting,58,0.0,119,158,8,513,41.2,15.6,97.2,2.27
2025-08-23,30,98.6,7.11,83.9,84,54,41,58,55,9,15213,3764,Long Run,91,11.04,133,153,7,781,41.0,16.3,97.3,3.26
2025-08-24,30,98.5,6.15,70.0,60,58,48,52,76,5,11989,2729,Easy Run,51,6.67,127,151,5,282,41.0,15.7,97.5,3.21
2025-08-25,30,98.6,6.43,77.3,83,56,42,72,61,9,9259,3008,Weightlifting,70,0.0,110,149,5,394,41.0,15.6,97.2,3.17
2025-08-26,30,98.6,5.62,84.9,74,58,49,66,54,8,8141,2831,Recovery Ride,52,20.45,121,142,3,144,41.0,14.7,96.8,3.03
2025-08-27,30,98.5,6.38,78.7,86,57,46,67,53,8,12388,3387,Weightlifting,60,0.0,109,161,8,579,41.0,16.0,97.6,3.42
2025-08-28,30,98.9,7.29,76.8,70,56,29,57,71,8,10882,2661,Easy Run,44,5.12,139,168,5,248,41.1,16.4,96.9,3.26
2025-08-29,30,99.0,6.82,76.8,74,61,52,63,47,5,12863,2664,Easy Run,46,6.15,128,150,6,290,41.1,15.4,97.0,2.94
2025-08-30,30,99.0,6.5,82.3,84,62,46,88,65,8,11535,3027,Intermediate Run,51,7.4,138,160,5,339,41.2,15.6,97.6,3.04
2025-08-31,30,99.0,5.48,71.4,76,59,47,64,70,6,7613,2174,Rest / Mobility,21,0.0,79,91,2,11,41.2,16.2,97.7,3.1
2025-09-01,30,99.0,6.27,79.1,94,56,53,79,55,6,10235,3150,Weightlifting,63,0.0,123,158,7,510,41.2,15.2,96.4,2.76
2025-09-02,30,99.0,6.8,79.7,84,60,40,65,61,9,12576,2882,Intermediate Run,47,6.36,139,169,5,268,41.2,16.3,96.9,3.64
2025-09-03,30,99.0,6.4,72.2,71,59,45,48,61,8,10048,3262,Weightlifting,68,0.0,107,150,9,713,41.1,16.2,96.9,2.5
2025-09-04,30,98.7,6.39,76.6,68,59,41,56,45,8,10945,2483,Easy Run,38,5.03,128,150,4,154,41.1,16.5,96.7,3.12
2025-09-05,30,98.9,5.6,86.2,90,53,39,91,60,6,10046,3004,Weightlifting,50,0.0,119,172,6,387,41.0,15.0,96.3,2.8
2025-09-06,30,98.9,5.89,73.9,82,60,37,80,74,8,11244,3231,Long Run,68,7.44,145,171,6,539,41.1,15.4,97.3,2.83
2025-09-07,30,99.0,6.79,76.0,71,55,42,59,64,7,7893,2589,Weightlifting,40,0.0,117,149,6,283,41.0,16.3,96.5,2.85
2025-09-08,30,99.0,6.87,78.2,82,56,40,60,62,6,8682,3023,Weightlifting,56,0.0,121,158,7,450,41.0,14.7,96.7,3.37
2025-09-09,30,99.0,6.18,74.3,66,65,40,36,75,9,13354,2773,Intermediate Run,46,5.9,141,168,6,337,41.0,15.1,97.5,2.88
2025-09-10,30,99.0,7.26,84.9,78,61,37,46,53,7,9827,2694,Recovery Ride,41,10.3,129,155,5,204,41.0,15.5,97.7,2.74
2025-09-11,30,98.9,5.05,80.6,77,59,49,57,70,4,12215,2845,Intermediate Run,56,6.4,139,164,6,423,41.0,16.7,96.6,3.29
2025-09-12,30,98.7,6.67,82.7,83,55,50,78,67,7,9986,2719,Recovery Ride,54,15.23,134,164,3,174,41.1,16.2,98.1,2.98
2025-09-13,30,98.6,5.85,77.1,72,58,34,55,59,7,10870,2856,Recovery Ride,60,21.74,122,151,3,182,41.2,14.8,97.3,2.58
2025-09-14,30,98.6,7.47,77.0,84,61,46,67,69,6,11218,2932,Recovery Ride,61,19.45,119,146,5,335,41.3,15.6,96.7,2.91
2025-09-15,30,98.7,6.35,80.2,84,60,40,73,65,5,9190,2751,Recovery Ride,49,17.97,133,161,4,191,41.4,14.4,97.4,2.96
2025-09-16,30,98.7,7.25,85.9,89,59,52,59,53,9,12272,3022,Weightlifting,75,0.0,107,144,5,438,41.4,15.8,96.4,3.49
2025-09-17,30,98.6,5.88,70.0,79,58,44,65,54,6,13107,3393,Weightlifting,75,0.0,126,159,7,635,41.5,15.2,97.3,2.55
2025-09-18,30,98.5,6.37,86.1,72,59,44,67,66,7,10621,2833,Intermediate Run,42,5.87,142,168,6,294,41.3,16.0,97.5,2.96
2025-09-19,30,98.8,7.43,72.5,81,58,53,67,48,8,11494,3049,Weightlifting,69,0.0,104,148,5,441,41.3,15.0,96.7,2.76
2025-09-20,30,98.7,6.85,79.9,81,59,49,67,49,7,14525,3969,Long Run,94,9.63,138,164,6,752,41.3,16.7,97.6,2.46
2025-09-21,30,98.6,5.91,79.1,66,60,41,38,61,5,7507,2504,Rest / Mobility,29,0.0,85,97,1,14,41.2,16.4,96.3,2.93
2025-09-22,30,98.6,6.52,82.8,86,57,54,67,60,6,10230,3172,Weightlifting,52,0.0,111,153,9,605,41.2,15.2,97.4,3.27
2025-09-23,30,98.6,5.75,85.7,58,57,42,53,78,5,9384,2748,Recovery Ride,44,13.37,123,153,3,128,41.3,14.5,97.1,2.97
2025-09-24,30,98.6,6.76,76.3,75,59,30,75,57,9,10305,2680,Weightlifting,51,0.0,112,160,5,261,41.3,15.8,97.2,2.73
2025-09-25,30,98.6,5.77,84.7,83,59,56,66,76,8,11830,3035,Intermediate Run,59,8.32,147,179,5,359,41.4,16.6,97.6,2.79
2025-09-26,30,99.0,5.12,73.4,76,58,44,50,84,9,12626,2460,Easy Run,32,3.64,139,167,5,163,41.5,15.4,97.6,2.83
2025-09-27,30,98.9,6.24,72.6,83,59,41,77,72,4,8967,2827,Recovery Ride,59,14.8,135,156,5,278,41.6,16.1,96.9,2.94
2025-09-28,30,98.9,6.87,75.6,87,57,54,70,64,8,7778,2367,Rest / Mobility,30,0.0,88,103,1,10,41.7,14.5,97.3,2.68
2025-09-29,30,98.7,7.78,74.1,98,55,47,81,40,6,12762,2938,Weightlifting,55,0.0,108,159,7,443,41.8,15.5,97.3,3.39
2025-09-30,30,98.4,6.23,75.7,71,53,46,51,47,9,11958,2960,Intermediate Run,51,6.81,140,161,5,295,41.6,15.4,97.9,2.77
2025-10-01,30,98.2,5.57,80.5,79,54,49,74,62,9,12388,3201,Weightlifting,73,0.0,121,165,7,588,41.6,15.7,96.9,3.3
2025-10-02,30,98.3,5.23,84.8,69,58,49,73,41,8,8367,3043,Tempo Run,39,5.21,164,189,8,416,41.5,15.9,97.2,2.65
2025-10-03,30,98.3,6.66,83.6,72,61,37,64,55,7,9989,3327,Weightlifting,65,0.0,102,137,6,475,41.7,15.0,96.8,3.21
2025-10-04,30,98.4,7.79,78.0,82,57,42,54,56,10,12306,2886,Intermediate Run,58,6.43,146,168,5,341,41.7,15.5,96.3,2.94
2025-10-05,30,98.5,6.53,81.0,80,59,44,77,66,7,8850,2387,Rest / Mobility,21,0.0,84,106,2,27,41.5,15.9,97.8,3.43
2025-10-06,30,98.6,6.6,82.3,88,57,44,89,51,5,7233,2814,Weightlifting,43,0.0,120,150,5,265,41.4,15.4,97.3,2.58
2025-10-07,30,98.3,7.33,74.3,97,59,45,77,41,9,10253,2707,Intermediate Run,35,3.92,138,165,6,253,41.3,15.1,97.7,2.88
2025-10-08,30,98.4,6.71,77.0,98,58,40,72,60,8,11882,3236,Weightlifting,75,0.0,109,153,6,496,41.4,14.8,97.0,3.32
2025-10-09,30,98.4,6.0,86.3,82,56,34,57,69,6,10988,2981,Tempo Run,35,4.62,160,179,9,400,41.3,15.9,97.1,3.03
2025-10-10,30,98.6,6.26,79.7,77,59,36,61,61,5,8085,3174,Weightlifting,48,0.0,115,146,9,528,41.4,15.8,96.5,2.74
2025-10-11,30,98.6,6.61,80.6,73,61,46,53,49,6,9711,2874,Intermediate Run,38,5.37,145,168,7,300,41.3,15.9,97.5,3.22
2025-10-12,30,98.4,6.42,79.2,72,59,39,70,67,6,8950,2486,Rest / Mobility,36,0.0,78,95,2,19,41.3,15.3,96.4,2.86
2025-10-13,30,98.5,6.48,85.8,92,58,35,40,55,3,12879,3378,Weightlifting,75,0.0,117,151,8,677,41.3,15.1,98.0,2.83
2025-10-14,30,98.6,6.19,83.9,63,59,30,55,63,10,10912,2952,Intermediate Run,56,6.36,139,172,7,479,41.3,15.3,97.5,2.6
2025-10-15,30,98.6,7.12,78.2,82,58,33,77,61,10,6838,2737,Weightlifting,45,0.0,126,170,5,274,41.4,16.1,96.5,2.54
2025-10-16,30,98.7,6.13,75.0,80,61,41,68,63,8,10403,2758,Intermediate Run,43,5.84,145,169,6,310,41.3,16.2,97.3,2.77
2025-10-17,30,98.9,5.6,70.1,68,60,37,47,57,6,8636,2804,Weightlifting,51,0.0,103,140,7,438,41.4,16.8,97.7,2.78
2025-10-18,30,98.9,6.08,85.2,72,56,39,58,65,8,11459,2817,Intermediate Run,58,6.65,151,183,5,311,41.4,16.0,96.8,2.86
2025-10-19,30,99.0,7.02,74.2,79,60,59,71,62,8,9355,2464,Rest / Mobility,40,0.0,77,94,2,24,41.4,15.7,97.1,2.52
2025-10-20,30,99.0,6.68,75.0,87,60,52,75,68,3,10882,3122,Weightlifting,57,0.0,124,155,7,509,41.3,16.2,97.3,2.51
2025-10-21,30,98.9,5.84,77.8,69,59,33,70,72,7,13230,2959,Intermediate Run,47,5.92,145,169,6,352,41.2,15.6,96.7,3.07
2025-10-22,30,99.0,6.95,80.3,74,59,50,49,63,10,12065,3052,Weightlifting,66,0.0,122,155,5,347,41.1,16.4,97.2,3.27
2025-10-23,30,98.8,6.6,85.1,78,58,43,54,62,5,11525,3186,Tempo Run,40,4.97,164,191,8,434,41.1,15.7,96.9,3.52
2025-10-24,30,99.0,6.05,74.3,78,57,43,66,65,8,12032,2915,Weightlifting,51,0.0,121,161,7,424,41.2,14.6,96.8,2.46
2025-10-25,30,99.0,5.71,70.0,66,58,53,64,66,6,9935,2700,Recovery Ride,43,14.28,133,152,4,165,41.1,15.8,97.5,2.81
2025-10-26,30,99.0,6.1,74.6,84,58,55,74,58,7,11274,2906,Recovery Walk,50,3.52,100,127,4,194,41.2,15.2,96.7,2.92
2025-10-27,30,98.9,6.14,86.9,76,56,28,59,57,8,9507,3052,Weightlifting,61,0.0,118,162,9,576,41.0,15.0,96.9,2.99
2025-10-28,30,98.8,7.23,79.5,83,55,52,82,39,7,12192,3189,Intermediate Run,56,7.79,144,170,7,504,41.0,16.0,96.8,3.32
2025-10-29,30,98.6,6.02,83.5,68,57,49,66,70,5,11017,3343,Weightlifting,75,0.0,121,150,5,448,41.0,16.1,97.1,2.74
2025-10-30,30,98.8,7.29,81.5,92,59,48,90,59,7,10050,2789,Tempo Run,40,5.61,156,182,7,330,41.0,15.6,97.5,2.55
2025-10-31,30,98.9,6.17,77.0,75,60,58,63,60,6,10724,2925,Weightlifting,55,0.0,112,148,5,321,41.0,15.2,97.2,2.94
2025-11-01,30,98.9,5.72,81.7,71,56,33,63,62,5,16153,3450,Long Run,79,9.02,139,158,7,679,41.0,14.8,97.2,3.32
2025-11-02,30,98.8,6.66,77.1,75,59,39,58,49,8,7800,2240,Rest / Mobility,22,0.0,87,106,2,13,41.0,16.1,97.0,3.06
2025-11-03,30,98.6,7.63,74.1,96,60,53,84,41,4,10358,3033,Weightlifting,71,0.0,124,173,5,389,41.0,16.2,97.0,3.17
2025-11-04,30,98.7,7.32,81.9,86,58,38,85,58,5,11287,2978,Intermediate Run,48,5.35,145,166,5,316,41.0,15.2,96.9,2.91
2025-11-05,30,98.6,6.06,87.8,75,59,40,63,66,7,8585,2961,Weightlifting,59,0.0,118,163,6,425,41.0,15.0,98.4,2.64
2025-11-06,30,98.4,6.37,80.9,58,59,33,52,51,6,11481,2623,Recovery Ride,56,17.46,119,140,4,208,41.0,15.1,96.9,3.05
2025-11-07,30,98.2,6.34,82.3,78,57,44,76,50,7,9760,3244,Weightlifting,70,0.0,123,173,7,606,41.0,15.4,97.1,2.29
2025-11-08,30,98.5,7.27,73.0,72,60,52,45,55,8,11077,2961,Intermediate Run,59,8.05,138,163,6,456,41.0,14.3,97.4,3.11
2025-11-09,30,98.5,7.66,83.0,89,59,37,71,56,8,12192,2798,Recovery Ride,70,23.71,121,139,3,204,41.1,16.2,96.4,3.43
2025-11-10,30,98.5,8.04,72.1,82,59,59,59,54,8,12659,3283,Weightlifting,66,0.0,104,141,9,650,41.2,15.4,97.4,2.89
2025-11-11,30,98.6,6.6,79.6,76,59,42,75,73,5,11160,2568,Intermediate Run,47,5.58,151,183,5,299,41.2,15.3,97.0,3.15
2025-11-12,30,98.5,5.91,83.0,58,61,46,62,61,4,10470,3126,Weightlifting,66,0.0,103,151,9,625,41.2,16.3,97.6,3.05
2025-11-13,30,98.4,6.97,72.5,68,56,30,58,68,7,11933,2934,Recovery Walk,59,5.1,100,117,3,141,41.1,16.1,98.0,2.62
2025-11-14,30,98.5,6.19,72.3,85,60,44,65,69,7,11352,3414,Weightlifting,75,0.0,115,161,8,771,41.1,15.6,96.5,2.63
2025-11-15,30,98.4,6.71,83.0,76,58,48,67,55,8,10537,2538,Recovery Ride,46,16.91,123,152,3,120,41.2,15.9,96.9,3.1
2025-11-16,30,98.4,7.03,79.4,90,59,53,78,56,8,8110,2403,Rest / Mobility,39,0.0,82,102,2,23,41.2,15.7,97.3,2.98
2025-11-17,30,98.2,6.15,74.8,81,56,51,69,31,8,9016,3069,Weightlifting,55,0.0,109,150,7,506,41.4,15.4,98.2,3.28
2025-11-18,30,98.4,5.74,78.6,73,58,48,62,59,7,11974,3017,Intermediate Run,39,4.51,147,178,7,330,41.2,15.3,97.6,3.43
2025-11-19,30,98.3,6.58,81.5,88,58,44,59,61,7,10419,3229,Weightlifting,60,0.0,124,175,9,651,41.4,16.2,96.7,3.08
2025-11-20,30,98.5,6.4,74.4,82,57,33,63,42,7,12827,2931,Intermediate Run,54,7.48,148,173,7,422,41.5,16.0,96.8,2.81
2025-11-21,30,98.4,6.52,70.9,74,57,48,87,64,4,8343,2840,Weightlifting,51,0.0,117,163,7,441,41.5,15.7,97.2,2.77
2025-11-22,30,98.6,7.05,73.4,82,56,56,60,55,8,11243,2973,Recovery Ride,70,23.22,136,164,5,334,41.6,15.7,97.4,2.95
2025-11-23,30,98.8,7.98,83.2,83,59,40,67,45,6,8213,2554,Rest / Mobility,37,0.0,81,106,2,10,41.7,15.9,95.9,3.53
2025-11-24,30,98.8,6.29,80.1,98,55,38,86,48,7,13090,3312,Weightlifting,73,0.0,104,133,8,642,41.7,14.8,97.8,2.91
2025-11-25,30,98.9,6.44,79.4,65,57,42,53,72,8,10344,2526,Easy Run,36,4.25,131,153,6,210,41.6,15.6,97.7,3.45
2025-11-26,30,98.6,6.72,78.3,80,61,32,62,68,7,12369,3012,Weightlifting,58,0.0,108,160,9,540,41.6,15.8,97.2,2.88
2025-11-27,30,98.5,6.26,75.8,72,57,46,62,68,6,11528,2502,Easy Run,33,4.24,133,162,6,211,41.6,15.5,97.4,3.03
2025-11-28,30,98.4,6.17,75.8,98,58,56,68,53,6,11643,3130,Weightlifting,55,0.0,117,168,7,480,41.7,15.5,96.8,2.6
2025-11-29,30,98.4,6.98,79.0,75,57,45,51,49,9,12029,2936,Intermediate Run,47,5.9,150,180,6,377,41.6,15.8,97.7,3.82
2025-11-30,30,98.1,6.73,77.3,86,56,36,61,60,5,9376,2427,Rest / Mobility,28,0.0,78,99,2,17,41.6,15.2,97.0,2.66
2025-12-01,30,98.1,7.62,89.3,98,55,53,94,41,2,9160,3318,Weightlifting,63,0.0,125,172,9,731,41.6,14.4,96.8,3.07
2025-12-02,30,98.0,6.97,72.9,80,55,59,62,59,5,13586,2963,Intermediate Run,58,8.62,142,169,5,393,41.5,15.8,97.1,3.13
2025-12-03,30,98.0,7.29,75.9,79,60,29,53,66,5,6462,2782,Weightlifting,51,0.0,125,169,5,286,41.5,16.7,96.4,2.26
2025-12-04,30,98.0,6.69,80.3,88,58,48,65,46,6,11256,3347,Tempo Run,48,6.3,153,174,7,442,41.5,16.2,96.4,2.64
2025-12-05,30,97.9,6.2,81.6,76,58,61,49,73,8,11179,2832,Weightlifting,61,0.0,116,166,6,377,41.4,16.5,96.2,2.73
2025-12-06,30,98.0,6.93,77.6,77,59,40,53,83,7,9208,2589,Recovery Ride,38,14.5,127,152,5,187,41.4,15.2,96.5,2.37
2025-12-07,30,97.9,6.54,76.6,82,60,45,73,64,8,6626,2455,Rest / Mobility,30,0.0,88,103,1,26,41.3,15.8,97.7,3.0
2025-12-08,30,98.0,5.58,82.8,83,59,42,69,69,8,13157,3163,Weightlifting,72,0.0,107,148,9,763,41.3,15.4,97.4,2.66
2025-12-09,30,98.0,6.21,80.7,72,62,52,57,73,7,9035,2793,Intermediate Run,42,6.1,148,173,6,291,41.2,16.6,97.7,3.48
2025-12-10,30,98.4,5.83,74.5,67,58,42,59,58,8,11269,2872,Weightlifting,73,0.0,117,162,5,383,41.2,15.2,97.2,2.83
2025-12-11,30,98.4,6.32,79.7,75,55,35,77,74,6,8811,2878,Intermediate Run,42,6.14,147,181,7,337,41.3,15.0,97.8,3.39
2025-12-12,30,98.6,6.44,82.8,86,59,37,79,60,5,9964,3196,Weightlifting,60,0.0,113,145,8,533,41.3,14.8,96.9,2.58
2025-12-13,30,98.8,6.23,79.0,72,60,30,51,47,7,8878,2865,Weightlifting,41,0.0,118,170,7,329,41.3,15.4,96.9,3.57
2025-12-14,30,98.8,6.1,85.4,94,60,26,71,68,7,8255,2396,Rest / Mobility,35,0.0,73,89,1,20,41.2,16.0,96.8,3.35
2025-12-15,30,98.4,7.28,91.5,87,52,47,60,50,7,11705,3292,Weightlifting,72,0.0,103,135,6,569,41.2,15.4,97.2,3.42
2025-12-16,30,98.7,6.05,76.3,60,54,33,35,65,7,10800,2630,Easy Run,47,5.18,128,149,6,307,41.1,15.1,95.5,2.96
2025-12-17,30,98.9,6.97,79.2,77,58,56,63,56,5,9844,3027,Weightlifting,67,0.0,128,159,6,476,41.0,15.5,97.3,2.24
2025-12-18,30,98.4,6.44,77.8,75,59,35,72,64,7,12333,3369,Tempo Run,48,7.0,151,179,7,381,41.1,16.5,97.6,3.71
2025-12-19,30,98.1,7.12,86.4,90,62,58,76,43,6,11654,3108,Weightlifting,61,0.0,102,133,5,324,41.0,15.7,96.5,3.04
2025-12-20,30,97.8,7.19,83.8,84,55,39,67,52,8,11502,3075,Recovery Ride,70,18.34,125,147,4,265,41.0,16.1,97.0,3.3
2025-12-21,30,97.8,6.38,81.1,83,59,50,62,55,7,8562,2387,Rest / Mobility,33,0.0,82,94,2,13,41.0,15.9,96.8,2.68
2025-12-22,30,97.7,6.46,81.5,91,57,63,69,52,3,11126,3292,Weightlifting,74,0.0,101,150,9,718,41.1,14.7,97.1,3.03
2025-12-23,30,97.5,7.23,79.9,71,58,55,57,50,7,11069,2655,Intermediate Run,36,4.97,139,164,7,277,41.0,15.3,96.5,2.96
2025-12-24,30,97.6,6.33,84.9,90,58,37,65,67,6,10093,2567,Recovery Ride,40,11.91,132,156,4,168,41.0,15.2,96.7,2.76
2025-12-25,30,97.7,6.39,72.2,81,58,43,82,61,5,11006,3164,Tempo Run,35,4.86,157,179,7,332,41.1,15.9,97.8,2.9
2025-12-26,30,97.5,5.37,81.8,80,56,35,58,59,6,12008,3126,Weightlifting,58,0.0,122,154,7,492,41.0,16.1,97.7,2.98
2025-12-27,30,97.4,6.74,80.9,78,60,40,67,45,7,11088,2826,Recovery Ride,58,23.94,118,144,5,256,41.0,15.4,96.7,2.91
2025-12-28,30,97.4,5.75,74.3,78,57,37,64,67,5,7501,2448,Rest / Mobility,38,0.0,84,104,1,19,41.0,15.2,97.1,3.09
2025-12-29,30,97.7,7.52,74.1,98,56,49,73,42,5,10128,2975,Weightlifting,53,0.0,124,176,7,416,41.0,15.2,97.0,2.53
2025-12-30,30,97.6,5.85,81.9,72,53,48,49,54,9,8758,3124,Weightlifting,49,0.0,107,140,6,348,41.0,16.1,97.7,3.03
